Histogram1,Histogram2,Histogram3,Histogram4,Histogram5,Histogram6,Histogram7,Histogram8,Histogram9,Histogram10,Histogram11,Histogram12,Histogram13,Histogram14,Histogram15,Histogram16,Score
785,2202,3074,1527,2040,3273,12004,14226,3430,3644,3091,2002,281,86,51,34,2
0,0,1,120,2175,22617,15939,5919,709,571,1342,799,60,23,19,13,2
48,1698,27016,18167,681,892,1168,1239,637,132,62,10,0,0,0,0,0
322,8708,16438,3781,3812,6596,5375,2690,1074,742,485,335,230,229,298,635,1
0,9,2473,12219,14973,6200,3180,2964,2182,1461,1192,890,609,507,650,2241,0
0,0,0,0,2,13,57,819,3504,6079,7793,7251,7033,6209,5616,7374,2
19,327,4664,18134,19225,6609,1531,563,210,108,72,59,64,70,80,15,-1
0,4,34,281,496,541,734,2746,4341,4330,4911,5950,7344,6925,6217,6896,1
0,4,34,281,496,541,734,2746,4341,4330,4911,5950,7344,6925,6217,6896,1
0,4,34,281,496,541,734,2746,4341,4330,4911,5950,7344,6925,6217,6896,1
0,35,66,131,1175,2518,1693,6323,17352,14438,2892,841,880,808,764,391,0
0,0,6,11614,35538,2448,106,110,143,393,999,376,16,1,0,0,1
0,1420,2087,7089,16154,15581,7515,1389,440,69,4,1,1,0,0,0,1
5013,8768,30663,6546,457,155,39,30,20,18,12,9,11,8,1,0,0
1,3470,12629,3579,2088,2182,11170,9185,4041,1334,116,101,103,81,115,1555,2
8,166,764,1377,1370,1447,1889,2243,7048,18526,13235,1929,675,344,183,546,3
0,1616,3411,2276,4288,4535,10585,18620,5457,372,45,39,25,32,59,390,1
3,106,1075,320,292,510,2576,21296,20450,2341,1738,838,156,42,7,0,2
63,1419,6634,19935,14292,3942,1320,1121,1093,473,15,0,0,0,0,0,0
776,382,138,163,310,3516,9072,5505,1695,3920,6234,6627,5172,4259,2742,1239,-1
494,9709,3239,1738,1078,796,597,650,664,528,473,718,1887,2552,3342,21842,3
428,703,240,161,156,262,500,1047,1219,2846,4007,4341,8297,13286,11465,2792,3
7,166,601,16484,19692,5327,2217,1106,800,733,514,542,705,944,1071,841,2
1,82,391,1043,1630,1193,914,1602,4179,4773,5196,5704,5974,5705,5539,7824,-1
3299,2944,616,278,211,279,634,2230,6325,12316,12607,5295,2137,532,165,439,0
3299,2944,616,278,211,279,634,2230,6325,12316,12607,5295,2137,532,165,439,-1
0,0,6,8284,37332,5243,99,58,33,48,50,95,378,123,1,0,-1
2296,15207,13381,540,495,462,657,1753,5075,4131,2994,2128,887,243,52,6,0
7,13817,11362,2239,1187,1029,2193,3980,4606,4265,4212,1074,144,127,148,1360,3
0,1,136,198,435,745,1644,3916,11705,15654,9813,4372,1483,460,304,884,2
1337,1046,1839,30854,15333,188,134,169,306,385,129,18,8,3,1,0,3
0,0,0,7,8930,9895,6214,22817,3785,78,14,6,3,1,0,0,1
8461,13586,4197,1305,555,387,846,1654,2185,3127,5566,4529,2730,776,201,202,0
0,5529,13860,2350,1154,1379,7285,5226,3907,3574,3459,2255,218,119,121,1314,0
2,151,172,46,22,28,417,4733,11032,12045,8876,5710,3822,2162,1277,1255,2
2,151,172,46,22,28,417,4733,11032,12045,8876,5710,3822,2162,1277,1255,1
0,3895,7031,4430,3291,2732,3138,3987,8881,10511,2114,254,42,1,0,0,0
0,30,278,601,858,1020,13120,29088,4502,605,356,242,272,218,174,386,3
8585,5250,2142,971,6087,17714,8430,817,192,65,7,8,5,7,10,17,3
0,0,1,33,139,541,9003,23029,15647,1261,253,174,120,132,137,1280,2
0,1592,5549,2415,1500,1108,858,842,776,861,3184,9264,10487,6780,3022,3512,2
4,1522,1361,1060,1491,4438,10345,8223,8840,6004,2736,1852,1473,880,338,645,1
8,1241,16249,4772,3124,2701,2135,1707,1664,2373,6395,5674,2055,837,515,300,1
0,10,628,4226,7939,9907,10926,7762,2009,838,526,509,518,632,1040,4280,0
1176,10224,15373,4020,3085,6981,7150,3367,257,33,21,12,12,12,5,22,0
8777,11153,25754,2849,244,730,413,236,33,9,4,2,5,2,8,88,1
0,7,10955,4869,2386,3367,10068,13028,5683,737,96,55,57,60,59,323,2
12690,19329,8136,3337,619,470,404,282,83,47,42,46,56,104,167,4495,0
12017,8394,2992,8641,8677,6024,1742,561,800,725,403,225,195,188,133,33,-1
0,318,473,317,516,1134,1971,2528,8838,15591,11698,3169,1109,908,736,1001,3
12,3210,1882,2695,3000,20182,15471,2032,414,367,902,140,0,0,0,0,0
0,4,319,26573,22905,342,145,120,147,142,128,319,479,123,4,0,0
0,6,34,291,1998,40290,5479,1049,784,466,332,220,393,121,84,203,0
164,1561,12282,30402,2754,548,944,1045,1307,474,155,57,46,11,0,0,2
0,0,0,0,8231,6691,5334,26687,4699,81,20,4,2,1,0,0,1
6,1497,1145,1133,995,2009,4588,8649,7796,8120,6118,2903,2122,1803,1300,1028,1
0,4,18,68,283,1731,12900,21378,11477,2511,647,113,72,73,97,378,1
0,0,4,6480,38132,3688,159,141,191,474,1298,1107,75,1,0,0,3
0,27,382,1331,2206,2310,3488,13227,16688,8279,1866,370,119,104,134,1219,1
1537,4161,3400,1888,7668,1763,872,1311,2794,2483,2100,2729,5191,6309,4019,3525,2
0,4,698,13594,8680,3462,2011,1256,938,687,531,496,575,602,880,17336,3
0,0,5,217,1449,3781,3066,1804,1764,3487,5051,6360,6549,6326,4471,7420,0
0,0,26,149,9720,32635,7526,383,185,105,123,224,447,201,26,0,0
4563,2506,7056,20707,15788,1013,49,37,19,6,4,1,1,0,0,0,0
96,1435,1157,331,4557,15665,9109,13465,1553,978,1625,1544,201,23,7,4,-1
379,596,114,101,188,231,447,772,1093,2600,3877,4104,6771,12146,13190,5141,0
180,796,1125,718,926,1318,7523,9992,8666,5229,4315,5554,3924,681,102,163,0
5,77,388,500,875,1860,3915,19355,20822,2293,533,192,97,85,93,660,2
2087,4408,12102,521,423,678,6389,17438,6083,414,59,54,29,41,96,928,1
0,4,32,96,272,326,517,756,1864,4741,5976,6299,6487,6098,5288,12994,1
0,383,297,270,11829,24601,5429,2280,1579,1112,845,649,493,204,178,158,0
24,534,2105,3258,2906,3309,3299,3053,3532,7962,12182,6968,2289,229,67,33,2
0,0,17,146,1000,2893,2401,1680,1638,2549,4481,6122,6793,6756,6575,8699,0
0,12,433,28266,20773,566,190,168,323,686,326,7,0,0,0,0,2
3748,10897,1615,1233,1402,9063,3829,3698,8158,2340,1225,1299,917,433,122,328,0
1135,12693,1412,198,164,217,4439,16266,11255,1509,287,330,937,843,56,9,0
5,343,4687,8416,1832,1579,2241,3166,5727,9430,6436,3193,1790,974,489,1442,2
0,1,9,78,380,1336,2204,3544,15354,17729,6928,2401,319,154,149,1164,1
0,20,1652,2090,1718,1272,1156,1284,1546,1660,1553,1208,1134,1501,3266,29247,-1
0,0,7,214,10190,31251,7933,368,222,139,259,378,560,212,17,0,1
13238,19780,8397,3603,474,350,345,210,108,61,73,61,72,103,156,3276,-1
1560,2360,10946,4486,2153,3160,3185,1381,2013,5783,6444,2309,899,482,635,3954,0
7,309,366,115,50,1210,11361,22895,10383,1019,164,132,170,905,459,2205,-1
0,0,0,0,0,0,4,123,1214,3577,6425,7151,7365,6221,5096,14574,0
628,2162,11002,10247,3201,609,908,1980,3907,5944,5904,3433,1263,262,94,206,0
2157,4337,4567,1893,4248,1423,969,1124,2074,2390,2587,2624,4030,6970,6138,4219,1
92,16156,30859,1355,513,1089,1337,223,44,68,14,0,0,0,0,0,-1
0,0,0,186,4132,27777,16933,993,105,126,151,182,358,298,333,176,-1
174,4270,2766,2906,2254,1173,1844,2904,2981,2101,2448,3919,5004,5521,5211,6274,0
1,1646,1322,671,498,1031,1584,1388,1414,1487,1837,2571,3625,5262,8186,17784,1
2146,8624,21425,4536,1699,1027,680,588,713,1062,2830,3096,1362,605,548,809,-1
12,336,455,154,72,1402,10742,22717,9794,999,206,176,216,1397,537,2535,-1
3,505,1605,1002,4284,13472,14028,10209,5986,104,43,40,49,57,92,271,2
161,7260,34708,8767,617,96,46,26,24,26,14,5,0,0,0,0,0
12,1584,1646,3650,29434,10513,1710,138,109,82,60,66,101,91,64,2490,0
0,0,19,19259,29419,1391,163,175,157,113,252,505,274,23,0,0,3
7574,6863,2654,6075,12521,8489,3230,858,593,759,658,414,213,186,216,447,1
1154,1807,1130,791,538,512,4428,27619,13060,708,3,0,0,0,0,0,1
1697,2967,318,430,1637,2603,11309,21626,4870,1208,927,484,168,52,10,1,3
0,0,0,140,10744,31520,7494,325,254,144,175,327,464,148,15,0,2
16,164,378,481,577,496,530,626,1284,3657,8729,11173,10018,5382,3576,3220,2
16,164,378,481,577,496,530,626,1284,3657,8729,11173,10018,5382,3576,3220,0
1,3509,2209,1338,3461,6242,7496,6617,6577,3922,1872,1085,1398,1078,806,3601,3
1,8451,17554,8384,4511,3042,2305,1603,1235,905,938,696,1082,404,119,520,3
28,2045,2196,19882,9676,4211,2795,2302,1721,1206,1038,786,651,529,500,2184,2
8,1216,876,343,254,314,366,495,737,1483,3646,7410,12927,16226,5223,226,1
258,2015,1313,1553,3128,11417,27052,2886,370,153,45,26,25,12,16,38,1
0,107,215,801,13686,24287,8873,1263,317,554,889,340,284,130,4,0,2
0,107,215,801,13686,24287,8873,1263,317,554,889,340,284,130,4,0,0
68,668,2152,4651,21442,13504,4316,1492,845,539,420,323,287,187,185,671,0
276,482,530,395,1395,4188,10115,18876,6280,1291,2796,3357,1029,242,200,298,1
0,27,754,1331,942,561,510,1527,10486,10135,5659,3744,3935,4569,2995,4575,-1
0,0,109,34855,15610,150,104,100,111,107,183,332,87,2,0,0,3
12,1132,19638,4171,2026,1512,1575,2669,5354,7548,3093,932,133,132,119,1704,1
5,984,18123,13344,2048,271,212,194,182,67,66,91,67,106,127,15863,0
1,5776,14621,3073,1406,1108,887,1889,10086,7645,3136,709,177,189,194,853,2
0,1,66,336,1473,3399,2204,1634,1436,2088,4091,5758,6844,7177,5574,9669,3
2,985,1701,1166,826,744,2188,20102,18405,2861,643,402,240,198,166,1121,1
0,1627,5549,4316,2854,1866,1495,1261,1835,2626,4993,8325,8235,4410,1034,1324,2
7,17172,2975,1642,711,853,1905,8991,11520,2202,400,300,231,323,269,806,0
0,0,61,707,4516,19942,23027,1974,77,76,80,117,215,513,422,23,2
40,47,138,213,404,777,1692,3672,10929,16089,10009,4753,1523,422,269,773,0
2606,9118,1138,371,226,189,3720,18944,13113,1323,218,231,470,83,0,0,1
0,17,530,4448,10532,8384,10353,8547,4340,1111,334,276,320,354,711,1493,1
198,541,289,2700,22288,11298,5159,3254,208,141,158,139,149,169,264,4795,2
160,1042,5445,14537,19222,7907,797,327,298,265,156,110,143,156,277,908,0
4,1597,1427,1110,1605,5417,10735,8073,9124,5029,2470,1705,1449,603,279,585,0
623,2841,2450,1516,5522,20484,11410,5688,542,145,184,185,101,57,2,0,0
8,1287,869,1126,443,169,111,115,128,653,2533,6487,11767,13970,8060,4024,-1
0,3808,12243,7147,4128,2661,1998,1546,1286,1165,1945,4455,4412,2731,974,1251,1
0,0,4,144,1545,4880,3008,1356,1493,3425,5197,5995,5772,5626,5032,8273,0
346,1702,979,1222,22171,19395,3987,409,275,206,276,292,60,42,43,345,2
187,113,87,352,583,873,1874,3390,3338,2210,3868,13300,16247,3778,82,25,2
4,2921,6258,2694,1548,1074,968,1225,5764,9961,9274,5187,2396,1040,419,1017,0
6,2079,28811,12229,3714,1512,931,988,639,348,141,141,83,40,33,55,0
6,2079,28811,12229,3714,1512,931,988,639,348,141,141,83,40,33,55,1
0,706,1017,1214,11076,21208,7072,6350,1006,87,74,90,86,109,139,1516,1
3056,3920,12518,23909,7652,596,99,0,0,0,0,0,0,0,0,0,1
1171,3119,4109,2484,2069,2247,3218,13195,11880,2174,553,968,916,839,1668,1140,2
24,104,2948,21418,18343,5697,818,536,383,262,202,157,177,160,151,370,1
0,199,600,1065,2069,2688,2077,1740,3944,8438,10246,7320,3772,1965,1489,4138,-1
13731,10733,3831,1411,1957,5996,1175,3035,4946,802,625,889,503,233,87,353,1
462,1447,1120,1952,25784,17941,2036,168,119,119,153,70,32,51,73,223,-1
0,2523,16806,3111,2307,2573,4340,7742,6862,2312,431,253,332,385,520,1253,0
0,2523,16806,3111,2307,2573,4340,7742,6862,2312,431,253,332,385,520,1253,1
684,866,481,2795,14327,25425,4729,343,303,305,277,271,442,378,119,5,0
16,511,3969,3093,2266,2630,12880,21251,2695,1330,394,142,92,60,48,373,1
28,1513,1355,900,666,13025,20679,7796,869,183,159,151,141,156,225,3904,1
0,2,9,63,346,1126,2126,3501,14976,17911,6785,3005,332,172,168,1228,1
784,1873,1107,523,632,2135,12525,22915,6993,511,361,254,195,139,156,647,0
0,360,265,81,74,1069,10273,17530,9028,5970,1228,1844,1032,259,408,886,0
5,1024,2220,1199,959,799,684,839,3259,8102,8651,6713,8042,5694,2114,1446,1
2987,16869,5071,3074,2487,3774,7238,5426,1204,271,154,206,303,365,463,1858,2
0,171,8130,36022,5233,1733,198,114,66,68,15,0,0,0,0,0,2
0,5192,5272,1253,657,486,566,998,1683,2967,4114,4830,4715,4189,4694,10134,1
185,11294,21417,1911,245,486,6583,5539,2025,788,793,402,80,2,0,0,-1
0,1,10,152,176,205,246,417,1639,3409,6633,9132,11386,9272,4240,4832,2
0,16,273,1310,4787,5644,4481,16157,11708,4778,1001,92,97,95,93,1218,3
0,0,25,312,4544,13439,10828,8786,6256,2139,977,729,477,412,352,2474,2
1,497,644,4243,6971,10329,10141,6418,3960,2339,1376,822,517,588,862,2042,0
0,13143,4811,4258,10647,15508,2758,120,66,46,38,40,29,17,31,238,2
0,13143,4811,4258,10647,15508,2758,120,66,46,38,40,29,17,31,238,0
3998,11417,28260,2273,818,790,282,223,143,128,113,98,169,364,580,651,0
891,7308,4105,5727,19980,10025,1480,271,161,193,157,7,2,0,0,0,0
3352,5485,1937,454,146,98,103,123,159,296,495,1023,2020,4083,7658,24318,0
1807,19521,20238,2439,1404,929,730,543,384,378,504,1197,1131,167,160,218,1
0,17,269,480,1708,2373,1457,1163,4022,11111,12185,7678,3918,1544,825,3000,0
0,0,111,186,397,720,1689,3765,11111,16123,9996,4667,1534,429,260,762,-1
15,423,23192,2474,568,530,461,423,364,418,1992,5863,5414,2761,1203,4206,-1
0,1216,818,1455,2658,11386,22941,7160,791,884,736,236,21,5,0,0,2
1069,1124,216,171,198,15714,32285,875,51,29,13,5,0,0,0,0,3
0,66,9236,3667,2037,1853,1386,1244,1285,1406,3931,6585,5927,4404,2880,5843,0
4,1215,643,3575,39021,4758,678,325,222,96,29,37,12,47,45,1043,0
2,4652,16835,8493,5024,3138,2215,1495,1205,1134,1594,2721,2291,668,106,177,1
1195,3342,7990,1465,1036,1978,1925,7334,13753,4907,909,272,666,835,685,3458,0
442,2363,836,909,1942,2920,9609,19667,3936,1878,2517,2408,997,319,247,760,1
0,357,3952,7245,3980,3199,1900,1268,877,676,647,594,543,561,759,25192,3
670,3279,1737,4190,10227,17690,6506,3722,1505,524,104,81,35,8,6,23,2
15,9462,34426,2632,1119,1075,1018,610,290,292,413,162,29,20,31,156,3
0,0,1,75,178,203,360,1274,7653,13238,9837,7324,5096,3201,2003,1307,0
142,809,27000,16654,1518,1290,1150,993,616,406,351,248,178,121,73,201,-1
0,0,446,6432,10518,10912,10588,3672,1392,683,467,444,420,497,867,4412,0
4,476,869,187,109,3130,11044,19515,9335,619,191,200,193,2117,1028,2733,2
0,0,65,27573,21969,491,171,138,177,164,340,567,95,0,0,0,1
548,665,913,2777,19924,20604,3007,989,579,434,362,264,111,199,249,125,0
1276,16298,1186,268,238,312,2592,14085,11512,1937,196,286,913,577,46,28,0
998,1658,2213,1526,1830,3640,4566,15922,10033,1909,1107,1787,1309,521,1591,1140,0
0,0,11,329,9744,26905,10997,623,430,182,110,318,462,351,940,348,3
0,92,708,155,179,476,4414,18402,15134,7476,1770,314,191,197,222,2020,2
0,2909,1831,1186,505,582,247,234,450,1163,3257,6036,8857,9621,7178,6251,1
0,5209,5985,1367,654,518,542,1029,1688,2702,3920,4554,4417,3977,4655,10533,0
0,5209,5985,1367,654,518,542,1029,1688,2702,3920,4554,4417,3977,4655,10533,3
50,4242,2028,3006,3857,2454,4373,17966,8524,3627,363,57,58,82,88,975,-1
2,1558,1401,1076,1695,5598,10756,8152,9180,4821,2454,1664,1425,584,267,579,3
0,0,10,297,3435,10897,10683,10087,6825,2884,1266,731,568,524,603,2940,3
1536,2204,2673,928,351,2994,11217,7844,1803,1486,4048,5021,3443,3573,1890,739,3
0,793,2651,972,536,447,574,718,1108,1838,5803,13766,14290,6103,1294,857,1
0,0,64,1800,18019,16640,4788,5939,1223,1002,718,183,249,263,248,614,0
899,3666,11177,25376,9173,874,164,92,41,40,43,59,64,43,25,14,0
0,4197,29074,12053,5637,240,115,89,80,60,46,28,37,30,22,42,2
2190,6709,2553,415,194,140,117,158,212,283,564,1342,2659,4378,7526,22310,0
373,1053,2189,18922,22611,1574,415,385,701,1341,1044,552,239,139,99,113,-1
1,436,799,92,174,5403,13177,16188,7825,2139,242,168,307,1728,428,2643,0
0,1667,1708,4490,13783,15507,11370,2625,490,106,4,0,0,0,0,0,-1
3,184,558,6613,28764,11713,2171,628,253,140,120,139,183,144,97,40,0
734,8003,19966,3121,246,742,5441,5416,3418,1727,1405,1067,387,76,1,0,1
568,1367,539,251,401,709,1601,3277,9584,14695,10025,4977,1745,523,356,1132,1
1047,1543,274,127,380,12738,34349,1170,37,28,28,14,8,2,2,3,-1
102,3244,1404,14819,4622,13408,10868,1346,341,142,11,0,0,0,0,0,3
4,121,5249,3038,2028,1636,4189,17324,13040,2597,429,183,187,154,174,1397,3
0,0,171,32988,16705,323,142,155,153,124,271,592,123,3,0,0,0
0,2486,3423,1422,1168,839,799,895,1489,3107,4553,5198,5282,4862,4797,11430,2
1,589,1377,1772,2917,2686,6205,18384,9241,5873,1008,117,118,112,118,1232,3
0,0,16,11408,31091,7161,221,86,86,108,242,713,577,40,1,0,0
557,222,169,544,674,932,1935,3174,2906,1963,5600,16607,13453,1502,31,38,3
164,1756,1629,1636,1560,2487,19654,9680,4947,2156,1482,298,309,321,366,3305,2
118,676,932,1133,1298,1258,1668,1981,2104,3452,7911,9206,9202,6439,2254,675,0
0,147,13303,5715,2901,1836,1521,1207,1216,1175,1963,4576,4632,3724,2662,5172,1
0,1,19,362,13522,31777,3506,149,142,136,792,839,377,127,1,0,0
0,133,8663,1980,688,907,2768,13152,12274,6034,2378,590,324,171,152,1536,3
55,2786,7493,32886,2179,781,421,284,192,176,157,149,120,167,206,2255,0
3994,3325,384,208,202,404,2410,20018,15007,5322,442,33,1,0,0,0,0
0,39,292,1129,2709,3090,6974,18133,10389,5869,1320,123,113,120,132,1318,2
1702,8975,6630,3684,1776,1363,1004,898,972,824,743,756,784,617,785,20237,0
1702,8975,6630,3684,1776,1363,1004,898,972,824,743,756,784,617,785,20237,2
0,1346,3575,2223,1505,1307,1457,7182,16023,6974,1528,1831,2535,1804,534,1926,3
0,0,0,170,4602,25758,16761,553,163,130,170,406,818,984,838,397,-1
0,246,1244,16639,27557,3409,151,152,172,400,980,726,72,2,0,0,-1
12176,8454,2990,8513,8582,5977,1729,577,806,760,416,237,197,171,130,35,1
23,318,257,2742,31083,5863,873,2246,4045,744,1245,984,965,332,30,0,0
1571,6972,1776,1567,3697,11713,2682,10708,4609,1349,1519,966,397,131,152,498,0
2303,3814,13094,4109,1733,1380,1302,4963,12702,5966,374,8,2,0,0,0,3
0,0,103,180,417,714,1694,3785,11247,16124,9902,4661,1499,405,264,755,0
18,2811,7429,6355,2270,1017,653,699,668,822,854,844,795,656,545,25314,1
1180,7700,14163,2733,2951,8640,8961,3469,406,137,190,255,268,266,177,254,2
0,332,789,145,119,3412,11200,17173,12555,1993,161,115,159,1414,809,1374,3
208,2211,1277,5542,17859,21524,2238,627,231,33,0,0,0,0,0,0,-1
0,5,381,119,1194,28080,15994,1850,2161,1603,320,43,0,0,0,0,0
0,36,3217,28305,12793,1108,378,429,672,922,865,555,245,121,123,1981,0
0,64,3224,21048,17393,1972,642,267,187,203,185,260,502,900,1476,3427,1
391,4675,2736,2598,2088,2117,3121,6469,8431,7922,5820,2534,797,359,172,77,0
1860,2937,6618,1932,4033,14416,12511,4714,459,209,363,475,524,408,182,109,1
6986,10421,11338,5963,1697,362,265,314,496,1390,2103,2073,1650,1102,1195,2952,2
380,2114,14507,25387,8436,381,311,199,35,0,0,0,0,0,0,0,0
114,1854,1090,2644,4594,17760,19643,2990,620,301,114,24,2,0,0,0,2
319,1957,1236,2745,4062,18002,8227,3764,2716,1350,3933,1777,213,1,3,2,1
0,939,1725,1947,2540,2499,6072,17926,9297,5608,1082,124,148,117,143,1583,-1
0,939,1725,1947,2540,2499,6072,17926,9297,5608,1082,124,148,117,143,1583,-1
11999,8434,2950,8571,8752,6018,1759,565,806,702,416,229,197,193,124,35,1
2716,5952,1788,1619,6796,9195,4597,10734,2492,1416,1459,685,206,51,92,509,2
0,1,61,996,5691,6125,7073,4680,2878,2051,1385,1156,1174,1275,2120,15084,1
37,30,29,133,630,3008,14450,23979,6340,1472,540,319,190,143,131,319,0
2,21,4,539,16771,29726,1907,155,124,113,216,1278,417,341,136,0,3
0,65,395,667,857,1062,12110,29204,5087,617,391,231,267,227,186,384,0
0,65,395,667,857,1062,12110,29204,5087,617,391,231,267,227,186,384,0
0,0,0,36,3846,25603,15830,697,289,397,656,979,1539,1453,386,39,2
12,153,1673,7245,21532,12406,4572,1302,606,452,299,260,197,166,202,673,2
816,1346,2476,1916,2028,3829,4587,15203,10251,1908,996,1784,1458,570,1425,1157,0
0,0,25,26688,22953,351,153,149,266,212,253,328,244,107,21,0,3
0,4,40,5981,30733,10195,2021,390,162,207,391,435,284,239,215,453,3
0,11,480,112,750,21476,17329,3178,3842,3160,964,346,85,17,0,0,0
3070,18013,4878,3252,3231,3957,6526,4316,900,266,181,219,268,343,479,1851,-1
1,1950,30415,14822,795,936,1129,1206,359,78,53,6,0,0,0,0,1
1,28,6930,9471,6441,4964,4119,4119,4288,5088,3602,1203,521,352,247,376,1
0,2,30,135,285,848,5555,21179,19431,1485,1452,1313,35,0,0,0,1
0,79,1390,355,231,197,1859,8160,9518,7620,6662,5925,3519,2309,1825,2101,-1
187,6872,38065,1482,763,1672,1930,442,112,92,66,20,6,4,13,24,-1
1256,2566,337,114,81,303,17935,27360,1517,86,43,26,12,16,15,83,0
0,0,0,1,21,48,49,474,2705,4380,5680,5529,5707,5342,5156,16658,1
0,0,15,217,1155,3395,2733,1720,2038,3840,6002,6554,6339,6194,5312,6236,1
0,11,3152,11121,3654,3285,1172,908,780,888,781,823,1465,3703,6641,13366,1
4380,7854,1491,843,681,455,487,480,562,1640,3285,3619,13056,10005,1162,307,0
0,2,23,330,1000,2282,3720,4102,6328,13274,8135,6538,3675,699,114,85,1
10,2657,3670,463,384,251,223,238,323,1067,2004,3051,4255,6044,8450,18660,1
0,0,113,532,1685,3473,2152,1575,1314,2172,3812,5826,7376,6528,5209,9983,1
19,1435,529,116,141,336,2666,6051,6235,7094,8256,7853,6588,3441,779,211,2
1,1564,13464,4584,2797,2201,2442,4323,3045,3602,3410,2285,2359,2464,1353,1856,1
3,1651,2728,1653,1739,3460,5171,6677,6005,6138,4680,2330,1470,2622,1471,3414,1
6375,19477,2344,1642,1477,1420,1956,2681,2811,2676,3709,2557,747,229,100,106,1
443,9237,5144,3354,3677,5621,10176,7053,5087,304,81,84,82,105,159,1143,0
0,0,11,951,16574,28870,3915,361,199,244,359,239,27,0,0,0,3
0,0,11,951,16574,28870,3915,361,199,244,359,239,27,0,0,0,1
314,1431,306,457,1924,3758,15569,14826,6095,3984,1587,1261,198,20,14,6,1
0,31,275,593,839,958,11963,29669,5141,605,376,240,275,212,182,391,1
2,242,908,1805,2999,2248,1496,1626,5893,10462,10093,5976,2595,1222,1084,3099,3
0,448,27960,1039,667,595,600,759,3276,6139,4286,1674,854,795,418,797,1
0,0,65,1789,18086,16537,4711,6094,1197,978,724,221,235,230,272,611,1
147,275,415,798,962,812,995,3354,6289,7208,6582,5398,4442,3834,3975,6264,2
2042,2982,21472,5021,2171,2230,2861,2176,1286,2481,2228,1181,451,261,319,2588,0
2042,2982,21472,5021,2171,2230,2861,2176,1286,2481,2228,1181,451,261,319,2588,0
129,3521,1158,1076,15457,23079,6638,244,38,29,26,18,20,38,54,225,1
39,158,232,259,8968,27611,8065,2180,1478,493,316,428,742,470,247,64,3
321,173,255,188,695,8376,20752,16288,1299,156,155,172,213,435,767,1505,3
2950,8312,3204,1569,389,383,2868,15225,12806,3475,179,151,93,70,23,53,2
1,207,257,190,141,1059,16586,19085,8466,2191,293,137,156,113,129,2739,0
1,119,270,213,578,1292,8534,18857,11564,5097,1775,189,117,136,157,2851,1
3,42,175,379,1020,1420,2307,3099,3799,3887,3486,2695,1935,2070,5494,18496,3
12,279,483,114,96,687,7805,15038,12026,5991,3343,1590,668,450,544,2624,0
0,676,2484,984,9508,26882,8668,347,122,287,1206,540,46,0,0,0,1
2959,6421,1677,1570,6617,9775,4199,10294,2551,1420,1309,618,172,91,225,409,1
101,273,220,144,271,1043,16111,18406,8752,2571,486,163,170,135,164,2740,2
101,273,220,144,271,1043,16111,18406,8752,2571,486,163,170,135,164,2740,0
186,9795,3242,1372,975,777,625,503,448,406,394,350,470,924,2507,27333,0
0,0,1,171,5897,29057,14514,418,106,122,103,85,255,526,433,62,3
0,0,217,35861,13699,341,170,170,121,81,135,373,514,68,0,0,2
2,49,618,3740,7255,5277,11155,17927,4044,901,372,290,104,13,2,1,-1
1,128,797,1892,2440,4186,3570,2487,2030,1777,1527,1402,1431,1605,1924,24553,0
0,0,0,1,60,2407,13059,20992,10863,1440,152,103,147,177,211,2138,1
0,0,0,9,40,81,151,264,1563,5267,7924,8133,6964,5767,5475,10112,0
43,2429,3765,4244,8186,15311,10636,2455,1090,1102,971,570,296,129,118,405,3
3105,18032,4786,3269,3257,3945,6626,4222,902,281,157,223,282,359,468,1836,2
16,1975,1124,1773,31987,10549,1776,297,132,74,52,44,57,62,82,1750,0
75,42584,4558,266,160,216,136,274,277,813,491,75,94,140,127,21,1
1,275,646,406,456,719,736,639,552,607,1352,3499,5145,5802,6071,24844,0
13459,20211,8457,3284,549,320,294,204,130,91,70,68,99,156,180,2735,1
0,0,8,57,133,197,560,1187,2969,5633,7528,6485,5601,5717,5404,10271,1
0,1,117,28231,19507,1161,232,215,215,278,255,378,544,473,130,13,2
110,4385,8530,2222,1255,1121,1864,13410,12159,3965,1277,321,77,78,102,874,0
0,0,10,135,186,231,229,411,1616,3418,6694,9091,11475,9182,4284,4788,2
301,22076,12577,3318,928,623,513,436,397,548,969,1120,1198,1318,1434,3994,3
6539,11717,4038,3214,9118,6842,4446,1798,579,544,724,598,418,222,242,711,0
2050,2824,21852,5105,2403,2373,2879,2084,1036,2578,2394,1133,488,271,296,1984,-1
2050,2824,21852,5105,2403,2373,2879,2084,1036,2578,2394,1133,488,271,296,1984,1
0,0,31,258,2492,26339,19180,1971,36,0,0,0,0,0,0,0,1
14,139,305,2454,29532,15032,985,208,180,241,463,785,746,448,214,4,-1
0,0,7,31,76,2568,9695,10220,15419,10807,1633,150,153,176,228,587,2
0,23,1865,3839,2214,1460,1590,1825,1647,1806,3763,7713,10829,8625,3380,1171,0
4,2519,25633,1705,1318,1026,850,1040,5327,5328,2893,786,685,408,165,620,2
180,1618,1026,988,17687,22449,6021,251,171,162,262,382,116,40,65,332,1
8380,3690,1217,886,8301,19068,8116,438,96,52,21,10,15,6,4,7,3
3004,5633,1744,1633,6832,9211,4648,10675,2485,1439,1458,705,188,49,80,523,3
0,83,131,57,57,517,16032,14744,10032,4614,1370,332,208,184,187,3202,0
0,0,0,86,7561,33098,9207,257,135,192,283,384,502,45,0,0,0
352,1601,1975,925,1178,723,921,2061,2258,4016,8885,13455,11106,1999,268,27,2
8,9194,4711,2170,1085,1376,1526,7291,13814,6471,1090,389,381,340,211,250,0
129,1752,4177,338,310,364,1069,1195,3086,19165,16939,2831,186,66,53,90,1
0,0,5,38,385,8037,29138,12690,879,282,80,64,47,35,32,38,3
10729,7845,2788,9207,9688,6197,1795,586,801,777,442,235,207,215,204,34,3
65,1168,8653,1678,734,605,583,579,725,1945,8142,12297,8001,3525,1256,351,0
141,8766,20275,3262,779,529,640,1321,3291,4592,3108,1980,1390,978,304,394,1
567,1848,4923,5178,4782,5032,3623,8752,8145,3421,742,469,765,682,1380,1441,1
0,0,79,1914,17942,16626,4744,5961,1218,986,717,188,254,265,240,616,1
0,18,1236,18911,5878,1746,1223,1253,1265,1629,3438,4922,3431,2292,1778,2730,3
0,5,1255,605,1407,7739,20743,10266,5148,506,330,101,121,132,162,3230,0
0,0,3,8043,35078,6919,103,65,109,145,204,329,565,172,15,0,2
3228,18133,4611,3276,3241,4017,6693,4081,871,278,164,230,261,378,468,1820,2
5214,2243,1615,2077,9639,24522,3829,58,47,62,74,120,109,104,393,201,2
0,0,10,146,180,222,222,403,1625,3369,6580,9178,11367,9278,4294,4876,3
1038,1059,210,157,145,10022,37228,1784,74,21,11,1,0,0,0,0,3
12446,8473,3026,8418,8460,5964,1719,537,769,773,434,212,189,184,121,25,2
98,843,8342,3688,1736,3148,19572,7733,1248,452,458,523,483,523,570,2333,3
325,15562,5243,365,245,277,334,1535,1290,4243,9027,7184,3237,1258,175,7,1
1732,4606,2978,1116,1476,1163,798,536,455,549,1971,7687,10023,10032,5790,838,0
70,1960,4231,5167,14308,14091,6593,2332,1415,717,275,147,72,74,74,224,0
392,196,2999,15987,20470,9518,1843,262,56,25,2,0,0,0,0,0,1
96,625,859,3040,20021,17720,3259,872,397,452,760,919,927,592,393,818,0
38,281,1182,1108,2038,4442,7274,16816,12237,3191,948,408,117,166,556,948,0
734,3116,1529,6382,22846,15298,1200,475,115,46,7,2,0,0,0,0,2
3444,17831,4744,3366,3164,3899,6713,4130,864,268,170,235,273,368,463,1818,0
3539,3951,1624,952,1600,3673,10583,10599,8504,4721,351,101,92,78,101,1281,1
0,100,221,440,1385,1821,2966,2928,5987,8529,10045,8751,3680,1736,1191,1970,2
195,1182,587,548,908,682,990,2001,2306,2668,4064,12632,16069,4723,667,85,3
0,0,278,4486,17958,18458,7062,904,1012,946,468,130,42,6,0,0,2
194,4389,1977,2716,5626,21586,9035,1798,346,693,1436,430,81,0,0,0,0
192,7097,22985,9315,4551,2833,1569,900,800,526,371,355,75,39,25,117,0
9336,8835,1132,453,408,465,696,2843,7947,10933,5842,962,167,59,91,138,-1
15,198,361,106,99,2440,24891,19771,963,213,201,236,219,237,354,1446,-1
1,141,426,1103,3658,3065,10032,14511,8357,5766,1039,374,248,351,309,2369,0
0,1,301,368,563,730,1853,5253,12082,12467,8695,5175,2169,883,383,827,-1
779,414,358,494,511,530,808,8928,32273,6437,182,17,5,5,6,3,1
0,0,0,9,223,5284,24107,19194,1265,138,121,124,137,179,575,394,-1
0,8,4011,2389,1739,1949,2905,7551,15750,10880,2133,362,260,343,486,984,2
2,1533,1400,1090,1537,4740,10705,8079,9013,5577,2653,1752,1456,748,318,609,3
7,369,4261,17130,4651,1364,1129,1320,1489,2193,4500,6223,4114,1233,560,1207,2
30,801,614,605,620,645,614,1743,9747,14335,8877,8002,3446,392,199,1080,0
0,125,460,5066,34593,8217,157,108,112,285,1036,1375,206,10,0,0,0
88,110,4853,24073,16813,3025,779,443,303,210,204,226,120,108,105,290,2
6297,11599,3753,2927,6566,9119,5413,1566,776,688,547,250,159,159,182,1749,3
612,19669,6084,919,541,472,490,948,946,3235,6018,6047,2470,1180,284,392,1
929,585,639,231,445,4096,10615,12795,7425,4151,2184,1431,1541,1240,875,2568,2
369,2902,1046,8947,14813,15021,3317,1222,1040,623,469,501,582,678,203,17,0
0,33,158,263,560,11272,27071,9438,1308,232,140,107,130,161,269,608,3
0,0,6,264,823,1684,3008,3154,8127,11103,8636,8899,3282,638,239,444,2
170,4508,31771,13540,301,17,0,0,0,0,0,0,0,0,0,0,2
170,4508,31771,13540,301,17,0,0,0,0,0,0,0,0,0,0,2
0,447,3078,1510,868,1132,1953,3218,7951,16008,10047,3256,1177,443,95,567,1
0,447,3078,1510,868,1132,1953,3218,7951,16008,10047,3256,1177,443,95,567,1
40,2940,1042,1940,2579,10484,19557,6765,1564,311,624,1342,1084,35,0,0,-1
75,203,1191,775,2249,2869,8706,17184,9941,5121,1159,282,273,290,327,1105,1
1586,1501,1022,982,815,8933,7917,4057,2365,2762,2051,2026,2358,2883,2936,7556,0
0,5,101,374,567,6671,23951,9580,5867,1339,367,193,134,160,220,2221,-1
0,0,0,447,15589,30730,3308,111,102,83,266,701,217,180,16,0,2
0,1,8,137,182,223,226,379,1585,3192,6523,8904,11283,9586,4459,5062,1
0,0,0,109,7425,31494,10344,281,128,116,260,713,422,268,186,4,2
437,2386,34249,8947,732,797,1764,1402,549,133,109,94,64,69,18,0,3
1276,1726,10296,10418,5657,4165,3003,2392,1757,1338,1097,931,1079,1640,2019,2956,0
2164,3577,5133,3064,3670,2346,2303,6723,4299,3070,2494,2127,2335,2263,2539,3643,2
2164,3577,5133,3064,3670,2346,2303,6723,4299,3070,2494,2127,2335,2263,2539,3643,-1
90,6086,13131,16399,2384,1111,771,792,754,785,1066,1039,920,895,893,3191,3
90,6086,13131,16399,2384,1111,771,792,754,785,1066,1039,920,895,893,3191,2
0,12626,28066,3591,1458,717,374,270,193,135,191,365,773,1167,1132,692,3
394,194,5168,19859,18742,5155,1131,590,257,172,74,12,2,0,0,0,1
8,1677,6323,5797,3809,2736,2031,1514,1209,1233,1197,1581,2996,5058,4638,9943,1
3834,4426,2044,1236,1673,3359,8740,9508,8724,5783,730,128,110,73,134,1248,0
2147,13880,29932,2289,282,1201,1197,557,162,33,26,17,11,10,6,0,1
0,0,5,56,30,72,206,389,2421,5316,5849,5581,5411,5012,4865,16537,3
249,2180,2811,2524,1779,1691,3205,7981,11857,7047,4852,2508,947,475,136,65,-1
0,109,794,1116,1331,12695,22972,6683,694,507,300,320,624,842,432,2331,0
0,0,3,13,54,567,4649,19317,19579,5326,1236,538,100,55,85,228,1
987,1528,24865,5111,2278,1539,1217,912,714,592,636,2552,4476,2188,992,1163,2
2,58,1156,3847,4511,4243,4977,10761,11009,6390,1559,690,473,335,315,1424,0
0,0,18,10073,35465,2821,144,115,107,302,577,1426,656,46,0,0,1
0,0,2,36,186,780,1779,3822,15977,18549,6480,2384,282,214,176,1083,-1
0,0,0,1,961,14042,25756,8247,581,189,143,105,150,463,789,323,2
0,0,1,664,19467,28758,1723,77,74,70,180,444,164,121,7,0,1
7,399,2423,3084,2064,1864,698,398,306,290,254,270,329,429,774,36718,-1
827,1486,6671,23936,16107,2392,293,38,0,0,0,0,0,0,0,0,-1
312,2858,935,9007,14890,15360,3104,1081,1078,623,504,494,552,744,193,15,-1
312,2858,935,9007,14890,15360,3104,1081,1078,623,504,494,552,744,193,15,-1
0,0,108,192,404,731,1725,3763,11310,16222,9781,4603,1491,397,261,762,2
118,3002,2224,1745,2294,4400,20163,13574,1732,271,145,107,134,137,150,1554,1
2076,3843,636,322,212,241,682,1868,4812,9618,12293,8323,3238,1401,372,370,-1
0,6936,24138,5697,2728,1646,1044,758,581,505,465,1048,2501,2358,833,512,1
351,1896,8871,3425,515,633,1789,5685,10855,9227,5718,2278,371,37,6,93,-1
233,667,2258,4333,3013,3812,4678,2378,9474,10857,3043,1162,790,1387,891,2774,3
56,7509,2108,1470,1390,7420,7871,2334,9677,5010,1429,1217,1224,638,312,642,1
2,117,586,771,1459,3814,3302,1631,2029,6533,10864,9566,5163,2137,878,2898,3
0,33,285,582,888,998,13383,28886,4460,589,370,238,267,218,166,387,2
0,21,16674,21325,2947,1467,937,852,858,769,975,1510,1712,1284,270,149,0
0,55,7256,13644,8045,2610,2117,1782,1781,1769,1800,1984,2758,2689,1541,1919,1
177,819,4277,13290,16450,11438,1554,514,346,422,283,128,138,183,320,1411,0
177,819,4277,13290,16450,11438,1554,514,346,422,283,128,138,183,320,1411,0
2454,12108,27715,3615,689,697,439,205,181,159,94,84,95,99,240,1433,-1
1049,6830,9826,3650,3465,10292,12133,3083,288,88,86,83,74,63,57,683,-1
0,19,185,1292,4141,5038,5404,16968,11346,4678,824,112,113,107,131,1392,3
52,348,166,1012,14071,28161,4688,690,478,447,218,355,511,231,168,154,3
4,1477,1399,1043,1662,4985,10559,8147,8972,5486,2602,1799,1445,730,295,607,3
521,55,69,1809,22917,13053,5817,3758,226,136,114,124,148,161,213,2629,0
718,5317,1029,327,186,185,211,539,1111,1771,3527,5860,8083,8602,6131,6710,-1
6,251,295,386,865,1242,1903,2802,3655,4373,4708,4603,4049,3042,2358,15769,-1
2,184,648,1701,3114,2584,2891,14947,16018,6739,1352,117,104,75,113,1161,-1
0,177,605,911,1625,2572,2234,2308,5506,9747,10470,6334,2663,1111,1301,4186,1
1,304,1411,5151,15381,19401,6923,1085,272,246,102,24,4,2,0,0,0
0,97,31698,8572,1365,948,845,790,885,803,1179,1927,1113,194,171,1163,1
1254,1369,668,35754,11053,137,99,265,448,429,244,30,0,0,0,0,2
0,17,397,1706,2733,2853,3036,10648,15131,8229,4867,388,128,124,122,1371,2
0,137,662,234,211,5199,13093,10430,9402,8959,2633,50,57,51,65,567,1
0,137,662,234,211,5199,13093,10430,9402,8959,2633,50,57,51,65,567,-1
0,0,44,23463,25957,726,118,98,112,111,160,237,276,294,142,12,-1
25,723,2904,11020,21079,11431,2449,555,315,208,160,137,130,121,150,343,3
1433,3652,440,818,1674,5645,21611,11145,1960,938,529,319,125,18,0,0,0
11453,8141,2820,8867,9249,6039,1735,598,800,754,453,236,196,206,170,33,1
1838,7712,9322,5487,3421,2180,1607,1153,809,755,942,1058,1743,5035,3550,5138,2
4050,2803,432,171,156,220,1858,10528,14417,12397,3603,825,238,47,5,0,1
0,142,8610,34542,3846,639,558,760,931,786,407,135,70,39,43,242,1
21,424,232,141,272,2253,22580,21254,985,268,250,256,254,337,497,1726,0
44,283,573,568,10380,25219,7937,1484,1607,1423,480,553,491,273,291,144,-1
4,1588,1371,872,1356,4575,10879,8466,9120,5799,2559,1752,1410,750,262,449,-1
4,1588,1371,872,1356,4575,10879,8466,9120,5799,2559,1752,1410,750,262,449,2
0,0,2,22,166,677,1534,3255,16011,20144,6178,1579,401,227,181,1373,1
0,6,63,385,10565,32748,6557,195,126,161,191,319,401,32,1,0,-1
5,1023,1514,1140,914,1953,2744,3772,5246,6618,5633,5139,3286,2461,2753,7011,1
10028,10184,1100,435,320,321,395,579,3161,9207,9956,3973,533,99,13,3,1
0,205,250,165,200,229,255,393,1641,3344,6402,8749,11044,9317,4580,4976,3
0,11,644,3805,5205,8519,7110,5589,3876,3010,2409,2018,1697,1561,1868,4428,0
67,797,16720,26506,2224,530,624,1079,1175,608,214,72,54,65,96,919,0
3256,17857,4830,3276,3254,3982,6645,4187,869,273,167,222,270,379,463,1820,1
56,6709,11011,26041,1251,593,430,672,734,365,258,196,92,64,79,1756,2
3356,7730,33939,2687,510,90,54,68,69,80,113,194,415,390,348,264,1
3160,2121,502,185,142,248,1935,8688,13060,13800,5758,1729,338,76,7,1,1
0,106,6843,18606,13142,4465,1937,1310,852,560,420,350,279,280,401,2199,2
0,0,322,25023,24001,518,244,385,730,434,65,9,6,8,5,0,0
426,1115,450,286,405,613,1205,3243,10918,16218,9747,4467,1281,375,251,750,3
0,0,0,17,111,149,221,3257,9038,10172,10766,9055,5663,2684,560,57,-1
0,3312,4994,2381,1342,976,8070,25069,3012,181,103,103,98,113,150,1846,3
0,0,146,35529,13808,391,396,236,102,91,148,419,442,42,0,0,0
0,0,146,35529,13808,391,396,236,102,91,148,419,442,42,0,0,2
0,0,0,0,0,10,86,199,1892,4174,5827,6162,6410,5588,4750,16652,0
39,187,656,797,1031,1153,12324,28886,4433,618,378,205,271,201,183,388,1
39,187,656,797,1031,1153,12324,28886,4433,618,378,205,271,201,183,388,1
632,35359,3513,3658,5645,649,237,270,290,172,115,107,112,185,451,355,1
0,229,305,160,813,3574,3331,1598,1604,2835,5509,7517,8411,6232,4303,5329,1
0,0,87,863,2182,1368,1048,1073,963,714,599,601,771,2126,8956,30399,0
1,8852,14623,7619,4188,2481,1767,1463,1429,2117,3294,2262,539,211,221,683,2
522,1031,511,1651,6218,12944,7480,8472,6696,2929,2071,914,272,31,5,3,2
232,3305,7522,4347,2242,1929,5376,6321,8429,9362,1568,383,150,128,158,298,1
1,317,887,181,186,4054,11088,17599,11934,1473,167,118,150,1562,706,1327,0
167,11430,15262,4408,2301,1297,1964,6985,6286,1146,127,71,25,34,43,204,-1
0,116,799,733,13365,25450,6150,215,172,198,395,1444,2096,579,38,0,2
4,147,704,593,1108,2880,2925,2688,4435,8334,9695,7566,4278,2417,1023,2953,-1
0,221,1179,33455,5927,1927,1177,976,874,607,658,581,432,410,389,2937,3
0,4,40,585,3909,24410,14452,1048,1174,921,498,92,110,342,919,1803,0
1269,11020,422,542,1739,2936,2816,10574,10762,3746,1352,1225,876,629,344,55,1
3117,17851,4968,3221,3293,3911,6568,4309,895,283,163,228,265,373,476,1829,3
1696,5227,10035,23272,8315,1723,455,313,162,77,49,45,30,39,45,267,2
8488,14491,4883,3676,5661,5942,4213,1443,752,646,583,250,158,156,165,243,0
0,3314,11216,5287,3525,2897,2479,2107,1688,1591,1693,2299,3190,3788,3506,3170,1
14,1425,659,4719,31097,6399,925,598,327,175,129,120,114,179,231,4639,1
3877,3192,1347,498,478,7450,23415,9369,657,150,109,105,102,109,142,750,-1
1,8151,28455,11310,3512,321,0,0,0,0,0,0,0,0,0,0,0
2973,6198,1772,1562,6778,9445,4357,10531,2435,1329,1321,733,230,67,81,495,1
0,20,86,155,511,728,1103,1693,2335,2445,2318,1747,1843,3646,6624,25053,0
23,433,484,2788,27663,16599,808,263,225,423,517,353,626,469,75,1,0
3227,7772,3221,2400,1676,2349,2666,3715,8038,5610,3293,1627,1005,853,1127,3171,-1
1,211,1230,13196,22225,4877,1286,862,710,594,892,1574,2216,1524,289,63,1
0,1,10,141,193,214,224,398,1545,3258,6374,8830,11227,9658,4595,5082,2
2,211,213,341,1110,2934,4430,2124,1320,2484,4199,6350,7163,6080,5231,7558,1
5429,17007,2303,2082,2032,1920,1978,2263,2553,4032,4941,2557,751,305,82,72,3
0,0,71,1702,18172,16556,4666,6087,1212,1020,703,194,244,254,253,616,2
939,623,292,568,1173,43445,4589,38,25,18,13,18,3,2,1,3,0
572,6768,2702,2773,9054,16700,9227,2640,833,291,128,58,4,0,0,0,1
572,6768,2702,2773,9054,16700,9227,2640,833,291,128,58,4,0,0,0,2
0,391,13106,5171,1153,3629,1428,5339,8217,3054,1153,408,632,981,858,6230,1
0,0,110,188,395,736,1673,3765,11135,16123,9937,4753,1484,417,270,764,1
0,6396,24224,14168,1008,102,63,80,73,90,91,70,156,222,843,2721,0
0,236,4079,7355,3834,2837,1779,1303,873,707,679,553,599,614,762,25540,0
5,1482,23834,6420,2999,2443,2207,1684,1809,2224,2324,1579,821,466,336,1117,1
1,140,666,843,2609,5481,1925,598,1706,6573,10675,9328,4935,2480,1107,2683,0
0,0,4,780,9471,8880,10020,8054,3789,2976,1840,1192,917,773,856,2198,3
0,0,4,780,9471,8880,10020,8054,3789,2976,1840,1192,917,773,856,2198,1
130,6959,24855,3824,2091,1766,1277,2237,3743,2656,893,198,108,101,124,788,1
130,6959,24855,3824,2091,1766,1277,2237,3743,2656,893,198,108,101,124,788,2
316,4876,2716,2337,6309,11627,12240,7735,1214,946,794,365,151,94,30,0,1
150,1432,498,1741,22745,22258,2250,226,52,90,99,101,47,13,17,31,0
1814,9361,7978,1250,911,1019,798,655,656,1471,7043,9856,6748,1938,235,17,0
1814,9361,7978,1250,911,1019,798,655,656,1471,7043,9856,6748,1938,235,17,-1
4150,6445,2508,2715,7954,14792,6281,1377,931,912,584,277,240,209,244,2131,0
4150,6445,2508,2715,7954,14792,6281,1377,931,912,584,277,240,209,244,2131,0
0,1,43,145,180,249,223,359,1476,3056,6187,8463,11123,9882,4957,5406,-1
230,15941,25116,6577,597,323,234,204,150,113,93,62,51,58,77,481,0
7,14193,5670,537,361,296,5931,9437,7152,5041,726,619,296,40,1,0,0
415,1627,4060,2503,1949,1454,1233,4242,22360,8654,1678,848,530,146,38,13,2
604,1816,5335,710,452,3612,7578,12786,12177,4261,1490,432,170,78,71,178,-1
0,0,4,983,18314,28257,1407,109,129,117,418,1104,692,193,23,0,1
764,4029,37566,3976,530,1555,2191,729,145,53,51,56,81,24,0,0,1
7,1605,1414,1105,1702,5696,10833,8175,9078,4723,2432,1656,1432,527,269,558,1
9663,10359,1191,436,314,307,276,421,2098,6892,10458,6299,1301,225,58,9,0
7,160,1852,4341,19532,18075,3710,1138,670,462,323,314,255,201,170,540,0
0,4,53,1294,16494,17381,10423,1675,319,303,257,274,267,277,410,2319,3
0,24,33,121,348,658,2931,4935,6498,7716,8570,8451,5917,3703,1511,334,3
100,45064,1040,619,215,256,1979,1030,4,0,0,0,0,0,0,0,-1
2,1259,10289,2983,1749,1267,1568,1809,4118,10254,10093,4155,714,173,156,1161,1
15,2166,2193,644,578,556,450,328,578,1776,3235,5172,6801,8848,9215,9195,1
0,61,378,594,14112,29990,4914,177,129,172,615,573,35,0,0,0,0
0,61,378,594,14112,29990,4914,177,129,172,615,573,35,0,0,0,0
52,3148,30839,12480,465,955,1582,1445,475,58,39,43,62,67,39,1,1
1477,3686,31611,2146,1905,2151,1480,782,754,929,762,562,333,281,340,2551,2
818,1045,807,1952,12703,22079,6630,1137,345,391,446,799,1291,1167,140,0,0
207,900,4768,13869,17656,10007,1085,375,298,382,223,131,136,152,335,1226,0
0,0,699,35258,13869,456,118,106,148,228,645,215,8,0,0,0,3
1,1517,1148,577,514,613,5530,14143,15223,8067,1346,142,173,189,293,2274,3
63,480,664,7114,31719,6787,445,626,593,663,633,580,724,570,87,2,1
63,480,664,7114,31719,6787,445,626,593,663,633,580,724,570,87,2,1
0,94,2496,6108,4201,3218,2750,2421,2154,1975,1818,2266,4191,5533,4557,6525,1
0,37,266,595,869,998,12959,29154,4649,570,373,227,273,213,185,382,2
0,97,4148,24527,18525,3691,688,56,14,4,0,0,0,0,0,0,-1
0,0,103,198,392,742,1667,3758,11216,16015,9985,4681,1571,387,270,765,1
11,1549,2933,3172,3024,4250,5402,16311,11189,2072,484,528,327,239,202,57,0
11955,8492,2965,8552,8747,6053,1699,605,789,711,407,226,203,179,133,34,3
8402,14536,4892,3567,5643,5968,4236,1467,744,664,592,285,164,179,183,228,0
8402,14536,4892,3567,5643,5968,4236,1467,744,664,592,285,164,179,183,228,1
0,0,106,190,389,738,1700,3789,11304,16091,9817,4678,1502,409,275,762,2
64,469,1078,1417,8625,23667,11387,3761,395,233,213,205,160,73,3,0,2
0,7257,8475,2036,1076,897,1006,1576,1622,1996,2593,2882,2832,3059,3868,10575,-1
0,0,0,0,4,279,5283,19950,20266,4593,224,51,68,66,64,902,0
0,6,7922,9475,4163,2431,1777,1576,1387,1302,1194,1160,1444,2423,2953,12537,0
266,6800,7550,3756,2241,1552,1259,854,733,691,673,679,657,750,840,22449,1
0,96,742,14411,29178,4114,163,119,100,136,93,83,351,1418,721,25,-1
3174,17970,4812,3297,3222,3973,6694,4130,888,263,172,222,264,388,456,1825,2
3183,18038,4735,3278,3247,4028,6884,3880,880,273,174,219,275,356,477,1823,0
0,183,519,898,1064,831,655,430,363,590,2483,5365,5855,6829,7912,17773,0
4231,6387,716,521,728,480,7055,18091,10777,759,251,188,520,592,394,60,1
0,0,0,5,46,210,270,700,830,1709,2694,4718,7950,9732,9098,13788,1
0,0,0,569,17743,28902,1968,257,176,182,368,798,457,247,79,4,2
124,11036,5362,19504,11048,1639,684,335,300,227,43,5,0,0,0,0,0
6,1901,1251,2109,31279,10577,1971,259,123,82,61,40,44,74,112,1861,1
7,1468,987,6164,11578,11488,9184,6308,3200,1255,106,4,1,0,0,0,-1
0,4,155,1281,940,983,1343,2566,5517,10790,11539,7992,4732,1679,839,1390,0
167,1395,1543,1198,699,15728,17006,4769,2407,1786,313,260,238,244,335,3662,1
0,496,5046,26718,16553,2459,453,22,3,0,0,0,0,0,0,0,0
1,20506,10948,5456,3524,3513,3787,1936,612,374,294,249,215,182,102,51,1
186,116,228,256,989,9310,24297,12605,417,189,193,217,444,1091,788,424,-1
3208,18074,4707,3276,3223,3994,6728,4067,884,266,162,233,270,362,467,1829,1
3208,18074,4707,3276,3223,3994,6728,4067,884,266,162,233,270,362,467,1829,-1
0,6,506,582,455,460,421,372,1097,3125,5598,8545,10495,8218,6049,5821,3
769,2064,353,284,345,628,1259,2777,3432,4866,11903,15148,7123,739,49,11,2
3201,17899,4823,3293,3233,3934,6604,4263,897,266,171,228,256,381,463,1838,3
416,29118,17003,3374,875,245,30,24,22,60,382,201,0,0,0,0,1
3,1632,1405,1102,1640,5512,10799,8151,9081,4900,2472,1658,1448,569,262,578,2
2,308,128,156,198,224,247,376,1589,3231,6226,8561,10911,9590,4814,5189,3
14,378,2058,1450,1088,1828,2030,5086,11245,18570,7842,147,11,2,1,0,0
0,133,4214,1254,870,789,1041,3758,15473,12521,4844,1667,1058,947,924,2257,3
0,133,4214,1254,870,789,1041,3758,15473,12521,4844,1667,1058,947,924,2257,0
0,241,17737,10237,2013,1401,1089,1339,6449,2659,4480,2091,629,440,134,811,1
1,722,10711,6977,3312,1165,381,2434,8821,7205,4115,2095,1523,1143,724,421,-1
23,193,601,762,1035,1118,12150,28527,5143,578,371,215,262,204,175,393,1
0,0,81,22824,26550,477,156,256,245,121,195,395,380,70,0,0,0
0,1320,2681,1579,1485,2509,3819,6048,5752,6424,5325,3792,1876,2164,2231,4207,-1
1278,1102,1058,709,361,3723,10868,8214,1067,2987,5380,4067,3038,3635,2877,1386,-1
1363,19871,22191,745,384,565,824,546,995,1638,745,313,235,281,274,780,1
2,593,1705,2026,3675,4163,1103,637,416,370,317,367,424,467,722,33320,1
2326,23787,1164,1134,2389,10451,1475,4488,1307,580,415,209,111,83,89,299,2
1714,2488,5505,2080,1431,1109,1417,11982,14674,5073,2163,1062,115,65,117,755,0
0,2,92,734,1801,2061,3252,14172,16219,8833,2934,402,87,95,109,957,0
0,26,1736,12449,11276,11512,7538,3471,1064,337,238,336,332,338,499,598,1
6,30399,9759,3188,2879,2116,1300,879,440,307,178,106,97,61,33,2,2
88,1504,1198,1932,3437,19357,8466,3717,2532,1698,1937,2176,1667,597,1,0,0
13,1927,1224,2196,31381,10402,1951,240,123,52,55,61,65,57,101,1902,3
13,4835,3920,23951,13785,1643,678,468,424,362,144,13,9,5,8,49,1
5,407,21809,18534,4219,1922,1255,749,576,532,586,402,241,165,147,201,-1
7096,18607,19682,868,409,785,171,90,94,104,132,280,500,675,543,271,2
0,11,139,408,9281,26282,9343,4769,463,211,127,83,97,122,214,200,2
0,243,203,230,1103,1970,10142,25469,8489,1017,766,526,135,13,1,0,-1
847,1253,797,373,537,661,1120,2982,3514,5290,12357,14783,6484,729,23,0,2
0,0,108,184,394,744,1685,3694,11227,16060,9993,4688,1519,434,258,762,-1
1,10801,3127,413,567,1366,1821,2353,7471,10506,6554,1476,832,616,861,1542,2
39,4629,18978,6536,2865,1915,1316,1183,1311,2260,3260,2470,1236,548,446,2758,2
1,588,405,444,1881,2181,10221,24453,7284,995,1021,619,188,24,2,0,0
305,1177,824,1982,24260,20539,1629,269,118,69,51,57,51,70,243,106,2
228,216,128,298,791,846,1526,3203,5164,5154,3656,2801,5125,9959,9862,1350,0
1,1305,1224,11927,31314,3093,265,201,97,63,63,80,83,83,98,1853,2
602,1397,1150,1546,27782,16112,1841,184,171,211,251,83,31,35,48,306,3
31,2902,695,2675,7081,21738,7557,4215,897,730,1300,443,33,7,3,0,0
31,2902,695,2675,7081,21738,7557,4215,897,730,1300,443,33,7,3,0,3
5047,17520,1227,858,1329,1521,5868,10694,5747,308,43,38,27,26,17,37,2
14,1041,475,190,225,214,255,290,993,2402,4850,7339,9379,10357,7036,6690,1
1588,6439,3631,1659,1496,1732,3182,13663,10071,2583,878,1033,960,1173,1421,241,3
0,96,489,137,157,8646,11550,11008,9518,8027,1272,57,43,55,65,630,0
288,1460,2063,1273,6783,22229,11305,5396,601,99,132,78,33,10,0,0,1
32,336,472,4464,6418,3737,2274,1454,1377,1401,1314,1449,1508,1792,2323,21399,0
32,336,472,4464,6418,3737,2274,1454,1377,1401,1314,1449,1508,1792,2323,21399,-1
1091,3091,25386,1366,813,660,564,599,985,2777,3501,2711,1951,954,672,3186,-1
13,1514,1411,4917,26118,8164,1457,399,329,303,223,201,225,137,196,6143,0
349,1703,335,775,2280,2268,3925,19454,14050,2157,1232,841,431,324,163,20,2
1576,25722,3594,2686,8493,7981,410,276,281,237,239,191,46,14,4,0,2
0,1420,30231,5122,1792,881,537,465,400,329,305,465,835,1459,2339,5170,0
62,1801,1177,932,842,17876,16134,4230,2593,1411,259,216,217,241,356,3403,2
3204,18095,4691,3277,3225,4029,6632,4150,867,259,163,231,269,376,449,1833,1
68,395,2241,381,212,309,8334,25422,12461,203,43,61,65,78,94,1383,0
2640,5984,6219,1330,2434,13286,12158,4738,551,155,224,432,461,398,265,475,3
602,2681,18960,24640,685,820,663,1346,1045,213,41,46,7,1,0,0,1
2322,9184,6701,3093,1434,1183,992,1072,886,727,685,703,585,592,706,20885,1
762,1367,880,229,243,421,4768,27768,13567,584,87,62,54,57,72,829,2
352,342,309,142,140,1121,16240,18571,8612,2190,366,155,174,131,164,2741,2
15,1634,576,145,197,298,316,354,445,629,1370,3780,8957,15013,15397,2624,1
15,1634,576,145,197,298,316,354,445,629,1370,3780,8957,15013,15397,2624,2
0,0,20,15865,31607,1644,179,129,149,516,1199,414,28,0,0,0,3
0,11262,18959,8031,3650,1889,1204,938,668,520,651,1231,1651,808,93,195,1
396,283,476,578,1178,14203,24512,5967,424,238,227,183,321,518,447,1799,3
0,0,23,10894,35444,2980,150,172,281,441,535,435,349,46,0,0,1
3078,18024,4854,3283,3189,3943,6587,4293,891,271,178,213,270,375,460,1841,0
0,1665,20063,6138,2372,1339,886,646,639,474,474,1085,3651,4244,4274,3800,1
0,26,199,287,847,1837,2126,2510,3884,5169,6194,6692,6091,5020,4153,6715,2
0,1192,31181,10764,2901,1660,1039,658,632,720,323,198,166,114,86,116,0
4,494,1722,389,96,145,1391,7084,14031,12800,6800,2848,1747,694,62,0,1
4,494,1722,389,96,145,1391,7084,14031,12800,6800,2848,1747,694,62,0,1
4,494,1722,389,96,145,1391,7084,14031,12800,6800,2848,1747,694,62,0,0
1062,1699,1476,2286,1585,1299,1254,9987,6664,6351,998,1000,2140,3598,4341,6010,1
3725,4358,2034,1140,1744,3489,8956,9703,8561,5668,655,124,114,103,115,1261,0
205,504,2256,1253,1111,1077,1245,3609,6747,7212,6349,4420,3620,3099,3168,5875,0
205,504,2256,1253,1111,1077,1245,3609,6747,7212,6349,4420,3620,3099,3168,5875,1
3196,17858,4893,3245,3252,3972,6562,4272,888,281,171,227,271,353,480,1829,0
17,472,2241,5242,23074,13293,3156,1200,683,465,375,295,291,193,155,598,0
218,2125,1134,5611,20526,19432,2064,437,178,22,3,0,0,0,0,0,-1
0,0,0,55,492,2224,11097,24533,9647,1930,573,298,202,157,134,408,-1
255,5774,11204,826,820,877,1125,2037,8191,13886,4777,217,66,109,89,54,1
0,1,62,9354,34186,5680,283,245,502,523,496,211,162,44,1,0,1
0,3,28,307,507,388,1202,4543,4549,4613,6047,6935,7383,6216,4626,4403,1
173,1943,13950,19658,13259,2515,149,49,30,24,0,0,0,0,0,0,0
0,3,24,2922,10738,9435,11312,7701,2991,1122,777,649,593,535,629,2319,2
1306,1782,5322,4952,4283,3380,2076,1580,1581,1710,2557,3484,4510,4790,3393,5044,1
0,0,0,106,7679,31966,10530,228,103,388,502,235,13,0,0,0,1
0,0,61,418,9808,35009,4487,130,107,148,649,889,44,0,0,0,1
0,0,5,19,147,755,4835,17672,20168,5247,1325,567,122,124,125,639,0
0,33,286,584,874,1006,13518,28861,4371,567,381,219,275,211,182,382,0
104,44280,4773,258,98,80,70,111,137,277,95,14,10,0,0,0,-1
0,0,88,677,1956,3286,1965,1441,1456,2476,4557,6559,7325,6020,4963,8981,1
0,0,0,3499,19478,11989,3869,4768,1283,352,274,290,268,349,366,4965,2
5,1272,7280,7239,4996,3064,2418,2009,1784,1655,1424,1387,1596,1823,2246,11552,3
2,2086,3102,21226,8491,3051,1685,1376,1112,882,856,845,788,1054,1980,3214,2
0,2,20,472,8952,26960,11663,618,404,184,197,346,509,444,808,171,0
25,2353,30444,12833,1084,1204,1694,1023,171,50,60,38,29,82,308,352,-1
18,1231,2326,2684,3785,4165,7117,16061,8708,3676,503,136,136,115,146,943,0
20,2925,1080,3613,4991,21794,12247,3221,262,33,67,22,6,5,6,15,0
6,1467,1368,1069,1718,5251,10638,8199,9029,5163,2585,1720,1448,684,268,599,2
1503,1837,1486,968,1078,1347,6645,8742,7275,4803,3913,5266,4335,912,232,870,2
0,1917,625,1234,32931,12094,1321,251,118,45,46,46,38,62,54,968,2
431,1917,1165,3583,10103,15074,8729,5519,2397,635,306,332,45,22,19,30,1
0,0,4,171,5404,24476,18358,1292,119,79,99,224,218,512,719,75,2
2,97,451,1161,1274,1498,1726,1304,3055,14571,17557,5352,1097,971,719,915,0
5,2809,5652,590,325,197,178,1472,11986,15077,7566,4095,819,128,122,729,1
12,63,22,827,19300,26463,3067,300,160,209,489,470,83,58,62,165,2
910,2231,6844,3567,370,826,4045,5709,9606,12118,3994,1182,293,20,11,24,2
0,0,110,174,399,727,1673,3694,11032,16058,10021,4817,1585,421,270,769,2
1680,2608,2877,870,785,1945,11068,18329,9959,781,211,131,91,65,87,263,3
0,63,5845,1704,579,1089,9779,10409,7438,4565,4258,2200,1028,788,1094,911,2
0,35,273,608,848,1027,13313,28868,4544,595,354,233,268,229,178,377,-1
598,3104,733,380,458,1022,3634,8530,11575,9598,5684,2851,1554,929,465,635,0
2495,7890,2564,1311,979,884,3010,13507,16646,2325,104,13,3,7,5,7,0
1516,6077,17938,5069,2067,1145,794,743,805,2223,5182,3395,1945,1089,778,984,2
3311,18465,4224,3281,3243,4026,7145,3576,877,270,168,232,261,373,462,1836,0
0,2015,1841,994,311,201,171,161,196,273,467,998,2099,3931,7345,29304,-1
163,791,2682,818,305,258,316,432,1427,9126,16074,10523,3095,1765,1792,2183,0
40,1095,11518,9360,2064,940,878,1028,1596,2272,2492,2686,3440,4120,4509,3712,-1
185,1786,15344,19614,11399,2310,574,173,83,60,30,26,28,18,33,87,0
0,278,14190,8957,1311,2776,2046,1618,7481,3157,1622,662,201,212,352,6887,2
2,1681,1227,1520,18885,20115,5418,368,175,87,51,61,63,70,93,1934,1
558,367,218,246,377,670,1443,3517,11040,15865,9910,4605,1516,397,262,759,0
51,4677,6783,23624,11177,3328,264,122,113,116,50,2,0,0,0,0,3
2,415,3861,6904,4005,3411,2116,1333,879,696,627,587,562,623,692,25037,3
11,18697,16516,5759,3120,2008,1501,1121,840,807,572,264,112,77,79,266,-1
11,152,1277,1148,1277,1536,2166,4257,17251,17765,3124,753,277,121,101,534,2
0,10049,12433,4284,2076,2291,18878,1682,14,11,2,6,8,14,2,0,0
7880,3850,1725,3172,2925,21511,8804,391,15,6,6,6,11,3,1,1,0
0,0,22,514,533,413,550,1486,2617,3177,5375,8111,8754,7526,5792,6880,2
45,469,4766,17713,15718,9464,1865,993,368,156,53,33,19,19,20,49,2
80,4477,14528,11320,7916,3657,2308,1546,1118,831,661,465,398,382,465,1598,1
218,558,278,2441,22416,11777,6576,3180,196,139,135,118,122,165,201,3230,0
0,6491,24101,15043,836,115,60,80,87,83,76,107,167,305,905,1851,1
0,74,10969,5528,2096,1263,924,862,942,2443,4720,6995,3936,1748,1934,7316,2
4275,13226,5337,3882,2536,2594,3230,2870,2372,3110,2641,1289,840,681,1124,1743,1
4488,5581,19778,9610,529,418,316,309,322,242,137,124,126,151,227,7949,2
4488,5581,19778,9610,529,418,316,309,322,242,137,124,126,151,227,7949,0
15,4833,6094,2747,1837,1534,1798,10672,13265,5388,2654,162,74,70,72,535,2
15,4833,6094,2747,1837,1534,1798,10672,13265,5388,2654,162,74,70,72,535,2
15,4833,6094,2747,1837,1534,1798,10672,13265,5388,2654,162,74,70,72,535,0
2125,2840,1682,1461,7289,15517,16907,2370,97,7,4,2,4,0,0,2,0
2,984,1993,659,458,361,399,552,868,2126,6834,12182,12901,8451,2129,851,2
0,1,111,183,393,755,1700,3712,11072,16070,10012,4769,1508,427,286,751,0
3165,18015,4779,3286,3234,3990,6668,4148,880,260,161,247,260,360,477,1820,3
683,1804,24164,19721,847,743,1016,1272,1043,303,74,54,19,7,0,0,3
0,40,293,407,1947,2501,1996,1712,2507,5038,6150,6349,6708,5912,4404,5786,1
4,453,1404,340,253,276,340,825,3045,4937,4624,4130,5610,9223,10483,5803,2
219,2787,1827,446,817,698,927,2453,5016,6136,11009,12550,5874,656,72,263,3
136,1051,383,1108,1757,20054,12818,4353,1902,1741,3383,1437,183,1,0,0,-1
0,25,113,17236,28157,2108,817,512,356,305,247,226,217,237,205,989,3
0,38,69,185,15570,30613,3305,461,51,15,0,0,0,0,0,0,2
973,3525,4709,1690,692,411,394,594,937,1706,2868,4695,5296,4778,4879,13603,2
20,2331,4952,2508,1468,1042,878,698,546,518,819,1200,1702,2340,3935,25350,-1
20,2331,4952,2508,1468,1042,878,698,546,518,819,1200,1702,2340,3935,25350,1
0,0,165,21103,27642,971,174,217,264,133,140,238,530,170,3,0,0
1,6827,12458,1321,1170,1002,849,4293,12147,5772,1913,1205,482,147,170,550,-1
0,1,109,188,405,752,1754,3721,11384,16222,9790,4556,1426,403,276,763,-1
8,338,1203,2073,4079,4776,6282,16548,9988,4058,658,128,155,165,174,1117,0
2693,9962,16733,3416,2599,6666,6568,2382,220,48,36,44,60,92,78,153,0
32,9534,8183,4979,8051,14754,5759,338,29,27,26,13,8,5,1,11,3
1779,6660,7924,1149,553,343,458,611,553,2535,6166,6975,4173,3152,2714,6005,1
2778,4572,1400,583,571,270,167,149,226,401,795,1663,2954,5264,8733,21224,1
0,33,274,607,861,1004,13189,28909,4633,577,385,229,266,224,175,384,3
4,155,422,125,180,2604,26130,18313,873,227,214,218,214,233,364,1474,3
35,217,244,327,8723,26924,8887,1094,1529,1655,533,394,353,241,308,286,0
0,0,22,1210,16192,14745,4403,6340,1099,765,412,270,301,319,338,5334,1
0,0,4,19,43,85,69,124,1139,4568,9175,9823,8239,6453,5611,6398,2
76,173,202,124,306,992,5640,19652,18123,4318,868,273,194,180,158,471,1
0,5778,14568,3033,3095,5988,12554,5434,819,77,55,50,71,46,40,142,0
252,2203,3655,5287,5518,5170,4522,3720,3109,2648,2333,2146,1876,1912,2358,5041,-1
2525,6656,2062,1715,5828,9964,4700,10474,2073,771,1033,603,240,165,237,1261,-1
2525,6656,2062,1715,5828,9964,4700,10474,2073,771,1033,603,240,165,237,1261,0
2525,6656,2062,1715,5828,9964,4700,10474,2073,771,1033,603,240,165,237,1261,3
242,185,183,192,439,753,1680,3787,11384,15642,9809,4573,1454,417,248,762,3
741,3256,1744,6293,22423,15356,1289,402,141,92,12,1,0,0,0,0,0
741,3256,1744,6293,22423,15356,1289,402,141,92,12,1,0,0,0,0,2
3206,18101,4625,3277,3230,4018,6546,4239,905,265,169,228,269,366,481,1825,2
1177,3571,25235,930,533,517,418,601,2101,4793,4750,2653,1084,546,351,1047,1
0,1151,10007,8663,6020,3882,2807,1945,1479,1192,1111,1442,3659,3875,2529,1988,3
175,1099,6406,2282,1299,4071,22406,8094,1386,393,358,390,432,461,488,2010,1
0,1933,12852,4149,1834,1110,847,764,707,635,745,2392,6533,7141,5845,4263,0
0,0,698,36122,12842,264,233,361,542,491,173,23,1,0,0,0,3
0,0,36,459,2003,4159,2609,1030,1585,3471,4439,5127,5651,5577,5680,9924,2
463,1014,24403,1045,570,472,511,1554,5378,6508,4310,1349,638,655,462,975,3
3,1029,6140,6240,1160,527,413,386,322,1127,3640,7631,10912,8001,3147,1072,1
8,1576,1313,1136,1669,5337,10808,8140,9070,5014,2525,1702,1457,589,282,586,2
0,5,128,425,561,6287,22895,9772,6135,1380,512,185,175,162,232,2896,1
1417,7895,10036,4054,3788,12591,8895,2145,143,52,45,30,40,38,43,538,2
0,0,0,380,14320,30636,3431,146,127,154,685,1122,399,326,24,0,0
0,0,35,434,1193,6730,26761,12054,1360,334,164,117,190,424,373,138,3
143,2847,4289,5667,5600,4766,4136,3389,2653,2328,2057,1859,1682,1710,2189,6435,1
0,0,0,295,11932,27484,8631,812,164,298,357,923,680,169,5,0,2
1,590,553,473,2132,23960,14456,3422,2222,789,325,246,545,483,105,5,0
468,786,463,286,497,790,1620,3411,9521,15393,10468,4889,1555,432,298,873,2
1416,1119,1620,1394,2219,3373,2649,12500,14680,3176,851,1179,1569,754,1669,1582,-1
0,0,44,24379,25049,471,160,155,238,222,231,347,302,133,19,0,-1
3329,17950,4712,3340,3196,3934,6626,4206,871,264,162,234,261,367,481,1817,0
507,3994,2628,4376,5777,26724,4601,891,541,154,40,36,24,1,3,10,1
82,646,5555,3188,914,1293,2252,2087,2352,4768,8784,10255,6169,2313,835,257,3
377,921,2650,126,93,1599,21090,21387,1781,24,24,26,46,74,108,1424,0
403,1503,939,662,18242,22262,5272,668,422,332,300,217,82,43,43,360,0
31,309,1143,1177,2172,4207,7276,17450,11801,3117,960,389,141,156,497,924,0
467,808,939,1453,2139,3616,9782,19949,1934,2644,4064,2897,535,147,182,194,3
3,97,1083,623,353,435,3669,12984,14523,9439,3890,1781,303,188,163,2216,0
3914,10826,29638,1835,278,1442,1746,1197,524,193,43,27,29,29,20,9,1
0,4,60,25433,22438,551,386,594,745,523,564,322,90,32,8,0,1
3,765,1719,126,322,711,9216,22093,12211,1930,365,183,127,145,148,1686,1
3,765,1719,126,322,711,9216,22093,12211,1930,365,183,127,145,148,1686,0
775,1325,6001,3680,2466,4439,4474,3431,11316,6310,1483,797,1194,1000,823,2236,0
0,0,733,261,50,260,2877,11160,16450,11497,4354,1943,711,11,0,0,0
0,0,733,261,50,260,2877,11160,16450,11497,4354,1943,711,11,0,0,0
0,0,733,261,50,260,2877,11160,16450,11497,4354,1943,711,11,0,0,1
0,1037,3679,124,129,449,1471,9840,19389,9528,2071,1082,425,165,160,2201,-1
7,2885,2183,3012,4932,22084,11301,2051,846,175,97,269,319,124,20,2,0
0,1548,30890,13575,745,595,1490,1480,769,215,85,140,90,56,57,15,0
88,437,157,215,403,633,900,835,987,3424,5365,4824,5240,5673,6921,15648,0
88,437,157,215,403,633,900,835,987,3424,5365,4824,5240,5673,6921,15648,3
59,9160,3457,3733,4081,10725,10984,4012,636,451,865,1652,452,40,0,0,3
9830,8950,908,503,426,394,573,2186,7237,11537,6290,1109,151,53,69,91,1
6,3586,10542,2666,1873,6746,13176,7620,2792,588,117,98,101,91,116,1632,1
0,0,0,0,0,13,87,812,3901,6433,7630,7391,7067,6086,5213,7117,-1
0,0,62,1728,18079,16643,4743,6047,1191,951,715,261,212,240,266,612,1
0,0,8,136,199,199,233,349,1477,3118,6182,8686,11094,9889,4833,5347,1
2742,3393,635,317,209,280,709,2022,5605,10829,12704,6677,2678,886,236,385,1
72,153,415,3528,9672,11632,9631,7122,3828,1882,910,324,267,242,366,1706,3
4,1515,1385,1106,1605,4967,10612,8194,9003,5439,2555,1780,1432,717,292,606,2
1,3128,2539,1448,2181,10984,17751,6488,2284,2237,343,125,117,127,175,1822,0
207,3021,4724,486,416,662,1886,1622,2736,14884,16424,3874,348,170,134,156,0
0,1,139,23727,25259,847,167,186,204,131,89,271,566,159,4,0,1
0,2,37,20,57,1256,10725,17318,13310,5596,1697,277,12,0,0,0,0
135,12819,4225,3224,2991,6757,10408,4094,767,772,2158,1376,512,69,0,0,3
1,139,2891,933,1267,4249,20872,9674,4907,3853,506,367,513,699,260,619,2
1095,13701,31685,3034,262,828,703,303,72,20,11,17,10,4,4,1,2
0,0,0,9,3294,19124,21178,1718,451,435,443,468,674,749,1723,1484,2
0,0,0,9,3294,19124,21178,1718,451,435,443,468,674,749,1723,1484,0
0,0,28,531,7220,13163,8804,5164,3104,1753,1204,1073,984,1043,1562,6117,1
0,0,28,531,7220,13163,8804,5164,3104,1753,1204,1073,984,1043,1562,6117,0
2,2648,19508,7535,2551,1809,2822,4519,4159,3204,1248,357,115,64,74,1135,-1
2,14,32,127,463,4382,23868,18921,2555,286,204,126,56,50,51,613,0
339,210,153,245,433,757,1648,3481,10743,16032,10003,4733,1542,401,264,766,2
689,6653,18166,1989,1351,1126,1025,4109,4444,1977,1907,1970,1969,1033,543,1356,1
689,6653,18166,1989,1351,1126,1025,4109,4444,1977,1907,1970,1969,1033,543,1356,3
0,0,0,103,4543,25797,16474,699,189,186,256,796,1043,858,615,191,1
11,152,877,1470,1458,1451,1907,2288,6874,17947,13225,1969,723,409,240,749,1
11,281,546,6582,29347,4856,307,1215,4332,934,1003,888,747,551,140,10,2
7,2131,5340,13210,7850,3368,1743,981,466,344,320,246,207,266,360,14911,0
8,2344,1697,2612,3190,20030,16634,2346,817,187,61,49,144,137,51,0,-1
0,23,1323,18173,3948,1593,1252,1256,1316,1627,3732,5085,4032,2750,2240,3400,1
1128,1049,418,572,378,6152,10903,5699,1091,2827,4381,5592,4562,4115,2081,802,0
259,537,308,272,440,434,459,852,1647,2252,2115,1963,4005,9004,16911,8849,-1
2679,22111,20439,4104,431,239,124,87,22,13,25,10,10,10,2,1,3
31,686,3543,21231,17201,8198,413,248,117,72,10,0,0,0,0,0,3
31,686,3543,21231,17201,8198,413,248,117,72,10,0,0,0,0,0,-1
2291,10483,14638,3706,1408,932,1520,5308,6768,1543,591,471,559,1009,450,73,1
57,572,2531,1456,1341,1434,1474,1345,972,959,1283,1875,2677,3231,4777,24323,3
0,28,384,599,575,500,380,254,348,1625,2985,4335,6043,7930,8827,16937,3
0,1,115,24503,24660,550,170,272,306,193,193,276,383,125,3,0,1
4,1468,392,3096,33412,6844,819,447,466,203,148,99,69,144,146,3993,2
209,2867,3001,5010,13540,14646,7538,2471,1692,442,89,38,29,34,47,97,1
2,126,899,1992,1350,1395,1692,1909,4175,16713,15628,3384,939,743,277,526,0
1,43,135,537,1460,1783,9128,21102,12660,1346,838,686,423,137,25,3,3
1,43,135,537,1460,1783,9128,21102,12660,1346,838,686,423,137,25,3,0
12455,8400,3074,8391,8554,5877,1735,560,766,766,418,245,172,183,128,26,1
0,44,203,365,2199,21991,20907,4364,366,109,93,82,81,154,374,418,0
1,61,128,93,83,934,16190,13228,10120,5062,1460,370,214,194,222,3390,0
16634,20689,8883,1884,440,315,210,228,102,65,40,47,40,52,108,570,1
12142,8423,3027,8522,8584,5973,1745,580,819,748,406,236,190,184,134,37,2
207,2699,1327,5558,19198,19512,1400,647,617,510,75,0,0,0,0,0,2
3417,18003,4557,3296,3206,4103,7085,3615,884,263,166,215,287,369,459,1825,1
715,1695,9541,33592,1733,382,908,635,1311,916,209,46,36,27,4,0,0
