IMAGENAME,SCORE,TIMESTAMP
2011_09_26_drive_0036_sync_0064_c414w125h.png,2,2017.10.09.22.49.12
2011_09_30_drive_0020_sync_0089_c409w123h.png,2,2017.10.23.19.57.07
2011_09_26_drive_0051_sync_0146_c414w125h.png,1,2017.11.26.21.44.18
2011_10_03_drive_0047_sync_0240_c414w125h.png,0,2017.11.26.21.46.29
2011_09_26_drive_0091_sync_0171_c414w125h.png,-1,2017.11.10.16.18.58
2011_09_26_drive_0091_sync_0171_c414w125h.png,-1,2017.11.10.16.25.41
2011_10_03_drive_0047_sync_0056_c414w125h.png,0,2017.10.04.12.33.30
2011_09_26_drive_exmp_sync_0133_c414w125h.png,1,2017.11.26.21.47.23
2011_10_03_drive_0047_sync_0203_c414w125h.png,1,2017.10.09.22.47.28
2011_09_26_drive_0027_sync_0171_c414w125h.png,0,2017.10.09.22.51.46
2011_09_26_drive_0106_sync﻿_0016_c414w125h.png,2,2017.11.10.16.21.52
2011_09_26_drive_0032_sync_0178_c414w125h.png,2,2017.10.23.19.46.46
2011_09_26_drive_0101_sync_0587_c414w125h.png,1,2017.11.26.21.47.14
2011_09_26_drive_0029_sync_0430_c414w125h.png,1,2017.10.09.22.49.04
2011_09_26_drive_0029_sync_0430_c414w125h.png,1,2017.10.23.19.56.03
2011_09_26_drive_0029_sync_0430_c414w125h.png,1,2017.10.28.09.43.05
2011_09_26_drive_0026_sync_0085_c413w124h.png,1,2017.10.09.22.53.08
2011_09_30_drive_0020_sync_0389_c409w123h.png,0,2017.11.26.21.44.58
2011_10_03_drive_0042_sync_0587_c414w125h.png,1,2017.10.23.19.48.21
2011_09_26_drive_0104_sync﻿_0087_c414w125h.png,1,2017.10.28.09.40.34
2011_09_26_drive_exmp_sync_0064_c414w125h.png,2,2017.10.28.09.43.41
2011_09_26_drive_0032_sync_0062_c414w125h.png,1,2017.11.10.16.17.59
2011_09_30_drive_0034_sync_0013_c409w123h.png,-1,2017.10.09.22.49.59
2011_10_03_drive_0047_sync_0725_c414w125h.png,1,2017.10.09.22.51.12
2011_10_03_drive_0042_sync_0471_c414w125h.png,1,2017.10.28.09.42.52
2011_09_26_drive_0001_sync_0027_c414w125h.png,1,2017.11.26.21.47.51
2011_09_26_drive_exmp_sync_0295_c414w125h.png,3,2017.11.10.16.19.11
2011_09_26_drive_0051_sync_0002_c414w125h.png,0,2017.10.04.12.30.54
2011_09_26_drive_0051_sync_0002_c414w125h.png,0,2017.10.09.22.47.07
2011_10_03_drive_0042_sync_0522_c414w125h.png,1,2017.10.04.12.33.59
2011_09_26_drive_0005_sync_0029_c414w125h.png,2,2017.10.23.20.00.02
2011_09_30_drive_0020_sync_0360_c409w123h.png,1,2017.10.23.19.54.56
2011_09_26_drive_0104_sync﻿_0290_c414w125h.png,2,2017.10.28.09.42.40
2011_09_26_drive_0104_sync﻿_0290_c414w125h.png,0,2017.11.26.21.46.22
2011_09_26_drive_0101_sync_0074_c414w125h.png,3,2017.11.10.16.20.32
2011_09_26_drive_0059_sync_0071_c414w125h.png,0,2017.11.10.16.26.18
2011_09_30_drive_0034_sync_0004_c409w123h.png,-1,2017.11.26.21.43.06
2011_09_26_drive_0093_sync_0274_c414w125h.png,-1,2017.10.09.22.46.45
2011_09_26_drive_0036_sync_0142_c414w125h.png,3,2017.11.10.16.17.20
2011_09_30_drive_0027_sync_0426_c409w123h.png,3,2017.10.23.19.45.23
2011_09_26_drive_0064_sync_0022_c414w125h.png,2,2017.11.26.21.48.25
2011_09_26_drive_0029_sync_0343_c414w125h.png,0,2017.10.28.09.40.59
2011_10_03_drive_0047_sync_0512_c414w125h.png,0,2017.11.26.21.42.51
2011_09_26_drive_0051_sync_0059_c414w125h.png,2,2017.10.04.12.31.04
2011_09_26_drive_0101_sync_0569_c414w125h.png,0,2017.10.28.09.43.35
2011_09_30_drive_0034_sync_0253_c409w123h.png,-1,2017.10.28.09.41.57
2011_09_30_drive_0034_sync_0253_c409w123h.png,-1,2017.11.26.21.46.41
2011_10_03_drive_0042_sync_0066_c414w125h.png,1,2017.11.26.21.48.27
2011_09_30_drive_0027_sync_1063_c409w123h.png,3,2017.10.04.22.57.56
2011_09_26_drive_0056_sync_0059_c414w125h.png,2,2017.10.23.19.57.00
2011_09_26_drive_0018_sync_0190_c414w125h.png,3,2017.10.28.09.42.14
2011_09_26_drive_0026_sync_0011_c413w124h.png,0,2017.11.10.16.25.50
2011_09_26_drive_0009_sync_0174_c414w125h.png,0,2017.10.28.09.43.26
2011_09_30_drive_0027_sync_1034_c409w123h.png,2,2017.11.26.21.45.33
2011_09_26_drive_0051_sync_0320_c414w125h.png,2,2017.10.23.20.00.29
2011_09_26_drive_0027_sync_0075_c414w125h.png,1,2017.10.23.20.00.32
2011_10_03_drive_0047_sync_0461_c414w125h.png,0,2017.11.26.21.43.43
2011_09_26_drive_0057_sync_0171_c414w125h.png,-1,2017.10.09.22.47.18
2011_09_30_drive_0027_sync_0222_c409w123h.png,2,2017.10.23.19.46.18
2011_09_30_drive_0027_sync_0948_c409w123h.png,-1,2017.10.09.22.49.39
2011_09_26_drive_0056_sync_0058_c414w125h.png,2,2017.10.28.09.43.00
2011_09_26_drive_0095_sync_0241_c414w125h.png,1,2017.11.26.21.46.23
2011_09_26_drive_0036_sync_0143_c414w125h.png,3,2017.10.28.09.42.19
2011_09_26_drive_0013_sync_0135_c414w125h.png,0,2017.10.23.19.45.30
2011_09_30_drive_0027_sync_0551_c409w123h.png,3,2017.11.26.21.48.55
2011_09_26_drive_0060_sync_0066_c414w125h.png,3,2017.10.23.19.49.15
2011_09_30_drive_0027_sync_0075_c409w123h.png,2,2017.11.26.21.45.54
2011_10_03_drive_0042_sync_0038_c414w125h.png,2,2017.11.10.16.20.57
2011_09_26_drive_0096_sync_0152_c414w125h.png,1,2017.11.26.21.46.19
2011_09_26_drive_0018_sync_0095_c414w125h.png,3,2017.10.23.19.55.34
2011_09_26_drive_0032_sync_0007_c414w125h.png,2,2017.11.10.16.25.02
2011_09_26_drive_0051_sync_0078_c414w125h.png,0,2017.10.28.09.43.21
2011_10_03_drive_0042_sync_0277_c414w125h.png,1,2017.10.09.22.54.10
2011_10_03_drive_0042_sync_0277_c414w125h.png,1,2017.11.10.16.21.10
2011_09_26_drive_0026_sync_0108_c413w124h.png,1,2017.11.26.21.47.25
2011_09_26_drive_0032_sync_0219_c414w125h.png,-1,2017.10.23.19.58.18
2011_09_26_drive_0027_sync_0028_c414w125h.png,0,2017.10.09.22.50.46
2011_09_26_drive_0060_sync_0001_c414w125h.png,0,2017.10.09.22.53.56
2011_09_26_drive_0060_sync_0001_c414w125h.png,1,2017.11.26.21.48.00
2011_10_03_drive_0047_sync_0618_c414w125h.png,0,2017.10.28.09.39.01
2011_10_03_drive_0047_sync_0065_c414w125h.png,1,2017.11.10.16.16.58
2011_09_30_drive_0027_sync_0919_c409w123h.png,2,2017.11.26.21.47.50
2011_09_26_drive_0032_sync_0361_c414w125h.png,0,2017.11.10.16.21.04
2011_09_26_drive_0027_sync_0143_c414w125h.png,-1,2017.11.10.16.24.25
2011_09_26_drive_0096_sync_0249_c414w125h.png,2,2017.10.28.09.39.59
2011_09_26_drive_0101_sync_0803_c414w125h.png,0,2017.11.26.21.47.39
2011_09_30_drive_0027_sync_1007_c409w123h.png,-1,2017.10.23.19.59.06
2011_09_26_drive_0106_sync﻿_0179_c414w125h.png,1,2017.10.23.19.59.57
2011_09_26_drive_0009_sync_0214_c414w125h.png,3,2017.11.26.21.48.35
2011_09_30_drive_0020_sync_0402_c409w123h.png,0,2017.11.10.16.25.51
2011_10_03_drive_0042_sync_0338_c414w125h.png,0,2017.11.26.21.48.45
2011_09_26_drive_0029_sync_0051_c414w125h.png,0,2017.11.10.16.25.25
2011_09_26_drive_0013_sync_0010_c414w125h.png,1,2017.11.26.21.46.52
2011_09_26_drive_0009_sync_0241_c414w125h.png,2,2017.11.26.21.43.51
2011_10_03_drive_0047_sync_0258_c414w125h.png,1,2017.10.09.22.52.15
2011_09_26_drive_0009_sync_0172_c414w125h.png,1,2017.11.26.21.46.57
2011_09_26_drive_0026_sync_0019_c413w124h.png,1,2017.11.26.21.48.44
2011_09_26_drive_0032_sync_0082_c414w125h.png,1,2017.10.09.22.50.36
2011_09_26_drive_0002_sync_0026_c414w125h.png,3,2017.10.09.22.49.41
2011_10_03_drive_0042_sync_0085_c414w125h.png,0,2017.11.26.21.45.39
2011_09_30_drive_0020_sync_0487_c409w123h.png,0,2017.10.09.22.50.11
2011_09_26_drive_exmp_sync_0035_c414w125h.png,2,2017.11.10.16.18.26
2011_09_30_drive_0020_sync_0397_c409w123h.png,1,2017.11.26.21.47.36
2011_10_03_drive_0047_sync_0832_c414w125h.png,1,2017.10.23.19.59.25
2011_09_26_drive_0096_sync_0232_c414w125h.png,1,2017.10.04.12.33.25
2011_09_26_drive_0029_sync_0157_c414w125h.png,2,2017.11.10.16.19.49
2011_09_26_drive_0032_sync_0315_c414w125h.png,0,2017.11.26.21.47.58
2011_09_26_drive_0101_sync_0823_c414w125h.png,0,2017.10.23.19.59.15
2011_09_26_drive_0013_sync_0049_c414w125h.png,1,2017.11.26.21.43.02
2011_09_26_drive_0093_sync_0035_c414w125h.png,-1,2017.11.26.21.44.01
2011_09_26_drive_0046_sync_0060_c414w125h.png,0,2017.11.26.21.44.11
2011_09_26_drive_0059_sync_0111_c414w125h.png,0,2017.11.26.21.45.57
2011_09_30_drive_0027_sync_0665_c409w123h.png,0,2017.10.23.19.47.39
2011_09_26_drive_0071_sync_0053_c413w124h.png,2,2017.10.23.19.57.52
2011_09_26_drive_0001_sync_0047_c414w125h.png,1,2017.10.09.22.54.39
2011_09_26_drive_0035_sync_0030_c414w125h.png,1,2017.10.23.19.58.54
2011_10_03_drive_0042_sync_0858_c414w125h.png,0,2017.11.26.21.46.40
2011_09_26_drive_0104_sync﻿_0155_c414w125h.png,2,2017.11.10.16.18.08
2011_09_30_drive_0020_sync_0478_c409w123h.png,0,2017.11.26.21.47.37
2011_09_26_drive_0032_sync_0373_c414w125h.png,0,2017.11.10.16.26.39
2011_10_03_drive_0042_sync_0424_c414w125h.png,0,2017.10.09.22.49.07
2011_09_30_drive_0027_sync_0676_c409w123h.png,2,2017.10.09.22.48.00
2011_09_26_drive_0039_sync_0058_c414w125h.png,1,2017.10.23.19.56.21
2011_10_03_drive_0042_sync_0057_c414w125h.png,1,2017.10.09.22.49.14
2011_09_26_drive_0059_sync_0218_c414w125h.png,0,2017.10.23.19.54.45
2011_09_26_drive_0091_sync_0067_c414w125h.png,-1,2017.10.09.22.49.52
2011_09_26_drive_0051_sync_0271_c414w125h.png,0,2017.11.10.16.18.20
2011_09_30_drive_0034_sync_0040_c409w123h.png,-1,2017.10.28.09.39.22
2011_09_26_drive_0101_sync_0822_c414w125h.png,0,2017.10.28.09.39.09
2011_09_26_drive_0032_sync_0343_c414w125h.png,0,2017.10.09.22.52.21
2011_09_26_drive_0059_sync_0123_c414w125h.png,0,2017.10.23.19.49.08
2011_09_30_drive_0027_sync_0474_c409w123h.png,-1,2017.10.09.22.53.22
2011_09_26_drive_0011_sync_0176_c414w125h.png,1,2017.10.23.19.46.59
2011_09_26_drive_0009_sync_0251_c414w125h.png,1,2017.11.10.16.22.28
2011_10_03_drive_0042_sync_1090_c414w125h.png,1,2017.10.09.22.46.35
2011_10_03_drive_0042_sync_1090_c414w125h.png,0,2017.11.10.16.24.59
2011_09_26_drive_0032_sync_0249_c414w125h.png,1,2017.10.23.19.57.35
2011_09_26_drive_0059_sync_0082_c414w125h.png,0,2017.10.28.09.43.11
2011_09_26_drive_0048_sync_0002_c414w125h.png,-1,2017.11.26.21.42.26
2011_09_26_drive_0018_sync_0020_c414w125h.png,3,2017.10.28.09.38.57
2011_09_30_drive_0027_sync_0280_c409w123h.png,3,2017.11.26.21.45.21
2011_09_26_drive_0020_sync_0069_c414w125h.png,-1,2017.11.26.21.43.57
2011_09_26_drive_0032_sync_0112_c414w125h.png,1,2017.11.10.16.25.15
2011_09_26_drive_0101_sync_0876_c414w125h.png,1,2017.10.04.22.57.39
2011_09_26_drive_0005_sync_0094_c414w125h.png,-1,2017.11.10.16.19.03
2011_09_30_drive_0027_sync_0320_c409w123h.png,-1,2017.10.23.19.46.32
2011_09_26_drive_0095_sync_0100_c414w125h.png,2,2017.10.23.19.56.47
2011_10_03_drive_0047_sync_0531_c414w125h.png,1,2017.10.23.19.47.15
2011_10_03_drive_0047_sync_0531_c414w125h.png,2,2017.11.10.16.18.12
2011_09_26_drive_0029_sync_0062_c414w125h.png,0,2017.11.26.21.46.48
2011_09_26_drive_0051_sync_0010_c414w125h.png,0,2017.10.23.19.49.17
2011_10_03_drive_0042_sync_1103_c414w125h.png,0,2017.11.10.16.19.23
2011_09_26_drive_0101_sync_0318_c414w125h.png,0,2017.11.26.21.41.58
2011_10_03_drive_0042_sync_0354_c414w125h.png,1,2017.10.09.22.51.27
2011_09_30_drive_0079_sync_0004_c414w125h.png,3,2017.10.28.09.43.33
2011_09_26_drive_0101_sync_0086_c414w125h.png,3,2017.10.04.12.33.12
2011_10_03_drive_0047_sync_0779_c414w125h.png,1,2017.10.09.22.48.43
2011_10_03_drive_0047_sync_0779_c414w125h.png,1,2017.10.09.22.53.53
2011_09_26_drive_0051_sync_0216_c414w125h.png,1,2017.10.09.22.51.21
2011_09_30_drive_0020_sync_0351_c409w123h.png,2,2017.10.04.12.32.19
2011_09_26_drive_0104_sync﻿_0058_c414w125h.png,2,2017.10.28.09.41.49
2011_09_30_drive_0027_sync_1072_c409w123h.png,-1,2017.10.09.22.50.21
2011_09_30_drive_0027_sync_0896_c409w123h.png,1,2017.10.28.09.41.45
2011_09_26_drive_0009_sync_0076_c414w125h.png,0,2017.11.26.21.46.26
2011_09_30_drive_0034_sync_0096_c409w123h.png,3,2017.10.09.22.50.17
2011_09_30_drive_0034_sync_0096_c409w123h.png,3,2017.10.09.22.50.42
2011_09_26_drive_0036_sync_0094_c414w125h.png,3,2017.10.23.19.47.31
2011_09_26_drive_0026_sync_0001_c413w124h.png,2,2017.11.10.16.24.34
2011_10_03_drive_0047_sync_0355_c414w125h.png,1,2017.10.23.19.57.05
2011_09_26_drive_0026_sync_0138_c413w124h.png,2,2017.10.23.19.59.46
2011_09_30_drive_0020_sync_0068_c409w123h.png,0,2017.11.10.16.19.57
2011_09_26_drive_0101_sync_0418_c414w125h.png,0,2017.10.09.22.52.11
2011_09_26_drive_0091_sync_0229_c414w125h.png,-1,2017.11.26.21.45.17
2011_09_26_drive_0027_sync_0155_c414w125h.png,1,2017.10.09.22.53.40
2011_10_03_drive_0042_sync_0252_c414w125h.png,0,2017.11.10.16.19.06
2011_09_26_drive_0106_sync﻿_0101_c414w125h.png,0,2017.10.23.19.58.10
2011_10_03_drive_0042_sync_0026_c414w125h.png,0,2017.11.26.21.47.11
2011_09_26_drive_0056_sync_0093_c414w125h.png,3,2017.11.26.21.43.21
2011_09_26_drive_0096_sync_0113_c414w125h.png,2,2017.10.23.19.48.34
2011_09_26_drive_0032_sync_0374_c414w125h.png,0,2017.11.10.16.18.34
2011_09_26_drive_0032_sync_0041_c414w125h.png,1,2017.11.26.21.43.35
2011_09_30_drive_0027_sync_0631_c409w123h.png,-1,2017.10.23.19.48.43
2011_09_26_drive_0009_sync_0360_c414w125h.png,2,2017.11.10.16.18.14
2011_09_26_drive_0051_sync_0089_c414w125h.png,2,2017.11.26.21.46.35
2011_09_26_drive_0029_sync_0378_c414w125h.png,0,2017.10.23.19.59.03
2011_09_30_drive_0020_sync_0437_c409w123h.png,1,2017.11.10.16.19.35
2011_09_26_drive_0101_sync_0404_c414w125h.png,0,2017.10.23.19.56.54
2011_09_26_drive_0101_sync_0404_c414w125h.png,1,2017.10.28.09.43.18
2011_09_26_drive_0101_sync_0488_c414w125h.png,1,2017.10.23.20.00.15
2011_10_03_drive_0047_sync_0377_c414w125h.png,1,2017.11.10.16.19.44
2011_09_26_drive_0106_sync﻿_0037_c414w125h.png,2,2017.10.23.19.54.53
2011_09_26_drive_0101_sync_0916_c414w125h.png,1,2017.10.28.09.41.53
2011_09_26_drive_0018_sync_0087_c414w125h.png,2,2017.11.26.21.46.00
2011_09_26_drive_0091_sync_0169_c414w125h.png,-1,2017.10.23.19.56.18
2011_10_03_drive_0042_sync_0418_c414w125h.png,0,2017.11.26.21.47.22
2011_10_03_drive_0042_sync_0206_c414w125h.png,1,2017.10.28.09.43.39
2011_09_26_drive_0011_sync_0096_c414w125h.png,0,2017.10.23.19.59.18
2011_09_30_drive_0034_sync_0052_c409w123h.png,-1,2017.11.10.16.25.20
2011_09_26_drive_0091_sync_0164_c414w125h.png,-1,2017.11.10.16.26.32
2011_09_26_drive_0060_sync_0078_c414w125h.png,1,2017.11.26.21.47.41
2011_09_26_drive_0101_sync_0925_c414w125h.png,0,2017.11.10.16.24.22
2011_09_26_drive_0036_sync_0168_c414w125h.png,2,2017.11.26.21.44.22
2011_09_26_drive_0093_sync_0128_c414w125h.png,-1,2017.11.26.21.46.43
2011_09_26_drive_0032_sync_0319_c414w125h.png,0,2017.11.10.16.26.04
2011_09_26_drive_0101_sync_0248_c414w125h.png,2,2017.10.09.22.47.45
2011_10_03_drive_0042_sync_0127_c414w125h.png,1,2017.10.09.22.52.52
2011_10_03_drive_0047_sync_0814_c414w125h.png,1,2017.10.09.22.53.35
2011_10_03_drive_0047_sync_0814_c414w125h.png,2,2017.11.26.21.48.12
2011_09_26_drive_0011_sync_0078_c414w125h.png,1,2017.11.26.21.45.07
2011_09_26_drive_0093_sync_0068_c414w125h.png,-1,2017.11.26.21.43.04
2011_09_26_drive_0018_sync_0004_c414w125h.png,3,2017.11.10.16.24.20
2011_09_26_drive_0091_sync_0248_c414w125h.png,-1,2017.10.09.22.53.15
2011_09_26_drive_0032_sync_0069_c414w125h.png,0,2017.11.26.21.46.07
2011_09_30_drive_0027_sync_0729_c409w123h.png,1,2017.11.26.21.43.00
2011_10_03_drive_0042_sync_1003_c414w125h.png,0,2017.11.26.21.44.55
2011_10_03_drive_0047_sync_0732_c414w125h.png,1,2017.10.04.12.30.35
2011_09_26_drive_0101_sync_0912_c414w125h.png,1,2017.10.04.22.57.47
2011_09_26_drive_0101_sync_0920_c414w125h.png,0,2017.10.09.22.52.58
2011_09_26_drive_0096_sync_0059_c414w125h.png,3,2017.10.23.19.56.06
2011_09_26_drive_0001_sync_0062_c414w125h.png,0,2017.10.23.19.57.59
2011_10_03_drive_0042_sync_0058_c414w125h.png,1,2017.10.09.22.47.36
2011_09_26_drive_0013_sync_0114_c414w125h.png,1,2017.10.23.19.45.18
2011_09_26_drive_0087_sync_0021_c414w125h.png,-1,2017.10.23.19.47.16
2011_09_26_drive_0104_sync﻿_0273_c414w125h.png,1,2017.11.26.21.43.17
2011_09_26_drive_0035_sync_0009_c414w125h.png,2,2017.11.10.16.16.48
2011_09_26_drive_0029_sync_0359_c414w125h.png,1,2017.10.09.22.51.51
2011_09_26_drive_0057_sync_0205_c414w125h.png,-1,2017.11.26.21.46.02
2011_09_26_drive_0057_sync_0289_c414w125h.png,-1,2017.11.26.21.46.42
2011_10_03_drive_0042_sync_0105_c414w125h.png,2,2017.10.09.22.46.14
2011_09_26_drive_0096_sync_0043_c414w125h.png,3,2017.10.23.19.48.05
2011_09_26_drive_0057_sync_0138_c414w125h.png,-1,2017.11.26.21.46.59
2011_09_26_drive_0051_sync_0227_c414w125h.png,0,2017.10.23.19.48.53
2011_09_26_drive_0051_sync_0166_c414w125h.png,1,2017.11.10.16.20.28
2011_09_26_drive_0027_sync_0082_c414w125h.png,0,2017.10.23.19.45.33
2011_09_26_drive_0039_sync_0052_c414w125h.png,1,2017.11.26.21.48.37
2011_09_26_drive_0032_sync_0273_c414w125h.png,2,2017.10.23.19.46.09
2011_10_03_drive_0047_sync_0154_c414w125h.png,0,2017.10.04.12.30.43
2011_10_03_drive_0047_sync_0154_c414w125h.png,0,2017.10.23.19.49.02
2011_09_26_drive_0104_sync﻿_0075_c414w125h.png,0,2017.11.26.21.45.35
2011_09_26_drive_0029_sync_0263_c414w125h.png,2,2017.10.04.12.31.00
2011_10_03_drive_0042_sync_1074_c414w125h.png,0,2017.11.26.21.42.35
2011_09_30_drive_0020_sync_0192_c409w123h.png,0,2017.11.26.21.46.08
2011_09_26_drive_0093_sync_0127_c414w125h.png,-1,2017.10.28.09.44.02
2011_10_03_drive_0047_sync_0742_c414w125h.png,2,2017.10.23.20.00.19
2011_09_26_drive_0057_sync_0219_c414w125h.png,-1,2017.11.26.21.44.53
2011_09_26_drive_0029_sync_0353_c414w125h.png,-1,2017.10.23.19.56.13
2011_09_26_drive_0009_sync_0010_c414w125h.png,-1,2017.10.04.12.33.23
2011_09_26_drive_0064_sync_0016_c414w125h.png,2,2017.10.09.22.48.02
2011_09_26_drive_0057_sync_0050_c414w125h.png,2,2017.10.23.19.57.24
2011_09_26_drive_0032_sync_0144_c414w125h.png,2,2017.10.28.09.43.44
2011_10_03_drive_0047_sync_0590_c414w125h.png,0,2017.11.10.16.25.09
2011_09_26_drive_0018_sync_0028_c414w125h.png,3,2017.11.26.21.42.30
2011_09_26_drive_0026_sync_0051_c413w124h.png,2,2017.11.10.16.17.14
2011_09_30_drive_0027_sync_0780_c409w123h.png,0,2017.11.26.21.43.26
2011_09_30_drive_0020_sync_0496_c409w123h.png,0,2017.11.26.21.46.01
2011_09_26_drive_0051_sync_0318_c414w125h.png,0,2017.10.23.19.56.33
2011_09_26_drive_0096_sync_0126_c414w125h.png,3,2017.10.09.22.49.37
2011_09_26_drive_0096_sync_0126_c414w125h.png,0,2017.11.26.21.44.26
2011_09_26_drive_0059_sync_0347_c414w125h.png,3,2017.10.09.22.46.41
2011_09_26_drive_0095_sync_0107_c414w125h.png,2,2017.11.10.16.25.33
2011_09_26_drive_0060_sync_0005_c414w125h.png,3,2017.10.04.12.32.14
2011_09_26_drive_0029_sync_0134_c414w125h.png,1,2017.11.26.21.47.48
2011_09_26_drive_0059_sync_0174_c414w125h.png,2,2017.10.04.12.32.11
2011_10_03_drive_0042_sync_0331_c414w125h.png,0,2017.11.26.21.45.25
2011_09_26_drive_0026_sync_0007_c413w124h.png,1,2017.10.09.22.48.18
2011_09_30_drive_0020_sync_0199_c409w123h.png,-1,2017.10.09.22.52.55
2011_10_03_drive_0047_sync_0430_c414w125h.png,0,2017.11.26.21.47.34
2011_10_03_drive_0047_sync_0223_c414w125h.png,1,2017.10.28.09.43.28
2011_09_26_drive_0084_sync_0204_c414w125h.png,0,2017.11.26.21.43.30
2011_09_26_drive_0101_sync_0108_c414w125h.png,-1,2017.10.09.22.52.17
2011_09_30_drive_0034_sync_0155_c409w123h.png,-1,2017.11.26.21.43.55
2011_09_26_drive_exmp_sync_0028_c414w125h.png,2,2017.10.23.19.59.53
2011_09_26_drive_0027_sync_0015_c414w125h.png,0,2017.11.26.21.47.19
2011_09_26_drive_0029_sync_0058_c414w125h.png,0,2017.11.26.21.42.15
2011_10_03_drive_0047_sync_0745_c414w125h.png,2,2017.11.26.21.42.33
2011_10_03_drive_0042_sync_0403_c414w125h.png,0,2017.10.09.22.47.39
2011_09_26_drive_0101_sync_0172_c414w125h.png,3,2017.10.09.22.54.04
2011_09_26_drive_0039_sync_0061_c414w125h.png,2,2017.10.09.22.47.50
2011_09_26_drive_0059_sync_0268_c414w125h.png,1,2017.10.28.09.43.57
2011_09_26_drive_0101_sync_0843_c414w125h.png,0,2017.11.10.16.24.05
2011_09_30_drive_0034_sync_0292_c409w123h.png,-1,2017.10.28.09.41.25
2011_09_26_drive_0096_sync_0047_c414w125h.png,3,2017.10.28.09.40.55
2011_09_26_drive_exmp_sync_0164_c414w125h.png,3,2017.11.26.21.48.54
2011_09_30_drive_0020_sync_0250_c409w123h.png,1,2017.11.10.16.24.01
2011_09_26_drive_0009_sync_0408_c414w125h.png,1,2017.10.23.19.47.26
2011_10_03_drive_0042_sync_0932_c414w125h.png,2,2017.11.26.21.48.07
2011_09_26_drive_0026_sync_0130_c413w124h.png,1,2017.10.23.19.57.49
2011_09_26_drive_0027_sync_0087_c414w125h.png,0,2017.10.04.22.58.06
2011_09_26_drive_0005_sync_0073_c414w125h.png,2,2017.10.23.19.49.06
2011_09_26_drive_0011_sync_0220_c414w125h.png,0,2017.10.23.20.00.40
2011_09_26_drive_0091_sync_0140_c414w125h.png,-1,2017.11.26.21.45.49
2011_09_26_drive_0059_sync_0101_c414w125h.png,0,2017.11.26.21.48.19
2011_09_26_drive_0064_sync_0013_c414w125h.png,2,2017.10.09.22.46.22
2011_09_26_drive_0018_sync_0016_c414w125h.png,3,2017.10.23.19.55.21
2011_09_26_drive_0005_sync_0142_c414w125h.png,-1,2017.10.28.09.41.03
2011_10_03_drive_0047_sync_0308_c414w125h.png,0,2017.11.10.16.20.40
2011_09_30_drive_0020_sync_0413_c409w123h.png,1,2017.10.09.22.52.23
2011_09_26_drive_0029_sync_0041_c414w125h.png,1,2017.10.09.22.53.27
2011_10_03_drive_0042_sync_1166_c414w125h.png,1,2017.11.10.16.19.29
2011_09_26_drive_0056_sync_0047_c414w125h.png,3,2017.11.26.21.45.38
2011_09_30_drive_0027_sync_0343_c409w123h.png,1,2017.10.09.22.46.31
2011_09_26_drive_0046_sync_0026_c414w125h.png,3,2017.10.09.22.47.23
2011_09_26_drive_0017_sync_0050_c414w125h.png,3,2017.11.26.21.44.16
2011_09_26_drive_0009_sync_0312_c414w125h.png,0,2017.11.26.21.45.10
2011_09_26_drive_0029_sync_0123_c414w125h.png,2,2017.10.09.22.48.55
2011_10_03_drive_0042_sync_1000_c414w125h.png,0,2017.10.23.19.59.28
2011_09_26_drive_0056_sync_0183_c414w125h.png,3,2017.10.23.19.56.49
2011_10_03_drive_0042_sync_0266_c414w125h.png,0,2017.11.26.21.47.26
2011_09_30_drive_0020_sync_0046_c409w123h.png,1,2017.10.04.12.30.06
2011_09_30_drive_0020_sync_0046_c409w123h.png,1,2017.10.23.19.58.14
2011_09_30_drive_0027_sync_0576_c409w123h.png,0,2017.10.28.09.40.23
2011_09_26_drive_0096_sync_0032_c414w125h.png,3,2017.11.26.21.46.45
2011_09_26_drive_exmp_sync_0233_c414w125h.png,2,2017.10.09.22.52.32
2011_09_26_drive_0106_sync﻿_0092_c414w125h.png,1,2017.10.09.22.46.50
2011_09_26_drive_0051_sync_0237_c414w125h.png,0,2017.11.10.16.17.30
2011_10_03_drive_0042_sync_0634_c414w125h.png,0,2017.10.28.09.41.21
2011_09_26_drive_0059_sync_0020_c414w125h.png,1,2017.11.26.21.43.45
2011_09_30_drive_0027_sync_0357_c409w123h.png,1,2017.11.26.21.44.50
2011_10_03_drive_0042_sync_0185_c414w125h.png,0,2017.11.26.21.45.08
2011_09_26_drive_0051_sync_0004_c414w125h.png,0,2017.11.26.21.47.09
2011_09_30_drive_0034_sync_0075_c409w123h.png,3,2017.10.09.22.48.24
2011_09_26_drive_0101_sync_0923_c414w125h.png,0,2017.11.26.21.43.27
2011_09_26_drive_0020_sync_0009_c414w125h.png,-1,2017.10.23.19.59.51
2011_09_26_drive_0020_sync_0009_c414w125h.png,-1,2017.10.23.20.00.42
2011_09_30_drive_0027_sync_0015_c409w123h.png,1,2017.10.23.19.59.37
2011_09_26_drive_0029_sync_0172_c414w125h.png,1,2017.10.23.19.47.59
2011_09_26_drive_0056_sync_0197_c414w125h.png,2,2017.11.26.21.48.31
2011_09_26_drive_0036_sync_0138_c414w125h.png,2,2017.11.26.21.48.41
2011_09_26_drive_exmp_sync_0244_c414w125h.png,3,2017.10.04.22.57.55
2011_09_30_drive_0020_sync_0393_c409w123h.png,1,2017.10.23.19.55.39
2011_09_26_drive_0087_sync_0015_c414w125h.png,-1,2017.10.23.19.58.16
2011_09_26_drive_0087_sync_0015_c414w125h.png,-1,2017.11.26.21.48.09
2011_09_26_drive_0011_sync_0038_c414w125h.png,1,2017.10.23.19.56.01
2011_10_03_drive_0047_sync_0176_c414w125h.png,0,2017.11.26.21.43.42
2011_09_26_drive_0101_sync_0051_c414w125h.png,3,2017.10.23.19.46.43
2011_09_30_drive_0027_sync_0702_c409w123h.png,1,2017.10.09.22.49.02
2011_10_03_drive_0042_sync_0167_c414w125h.png,1,2017.10.28.09.42.37
2011_09_26_drive_0009_sync_0035_c414w125h.png,2,2017.10.28.09.40.48
2011_09_26_drive_0017_sync_0114_c414w125h.png,3,2017.11.10.16.19.39
2011_09_26_drive_0057_sync_0218_c414w125h.png,1,2017.11.10.16.22.16
2011_09_26_drive_0087_sync_0033_c414w125h.png,-1,2017.11.26.21.47.05
2011_10_03_drive_0047_sync_0005_c414w125h.png,0,2017.10.09.22.46.29
2011_10_03_drive_0047_sync_0254_c414w125h.png,0,2017.11.10.16.26.07
2011_10_03_drive_0047_sync_0042_c414w125h.png,0,2017.10.23.19.46.29
2011_09_26_drive_0029_sync_0048_c414w125h.png,0,2017.10.09.22.53.46
2011_09_26_drive_0101_sync_0217_c414w125h.png,1,2017.11.10.16.24.18
2011_09_26_drive_0087_sync_0006_c414w125h.png,-1,2017.11.26.21.45.30
2011_10_03_drive_0047_sync_0517_c414w125h.png,1,2017.10.23.19.58.21
2011_09_26_drive_0009_sync_0325_c414w125h.png,1,2017.11.26.21.47.47
2011_09_26_drive_0104_sync﻿_0160_c414w125h.png,2,2017.10.23.19.57.28
2011_10_03_drive_0042_sync_1126_c414w125h.png,0,2017.10.28.09.39.39
2011_09_26_drive_0056_sync_0284_c414w125h.png,2,2017.11.10.16.20.04
2011_09_30_drive_0027_sync_0468_c409w123h.png,2,2017.10.09.22.48.52
2011_09_26_drive_0064_sync_0064_c414w125h.png,3,2017.10.23.19.58.57
2011_10_03_drive_0042_sync_0591_c414w125h.png,0,2017.10.28.09.43.48
2011_09_26_drive_0096_sync_0176_c414w125h.png,-1,2017.11.26.21.46.04
2011_09_26_drive_0101_sync_0642_c414w125h.png,0,2017.10.23.20.00.04
2011_09_26_drive_0057_sync_0089_c414w125h.png,2,2017.11.10.16.26.29
2011_09_26_drive_0096_sync_0148_c414w125h.png,2,2017.10.23.19.47.47
2011_10_03_drive_0047_sync_0032_c414w125h.png,1,2017.10.09.22.52.27
2011_09_26_drive_0009_sync_0441_c414w125h.png,1,2017.11.10.16.24.55
2011_09_30_drive_0020_sync_0297_c409w123h.png,2,2017.10.23.19.45.44
2011_09_30_drive_0020_sync_0297_c409w123h.png,0,2017.11.26.21.45.36
2011_09_26_drive_0084_sync_0214_c414w125h.png,2,2017.10.09.22.52.43
2011_09_26_drive_0093_sync_0094_c414w125h.png,-1,2017.10.09.22.51.34
2011_09_26_drive_0084_sync_0302_c414w125h.png,2,2017.11.10.16.26.45
2011_09_26_drive_0101_sync_0227_c414w125h.png,1,2017.11.26.21.43.49
2011_09_30_drive_0020_sync_0125_c409w123h.png,2,2017.11.26.21.44.38
2011_09_26_drive_exmp_sync_0235_c414w125h.png,1,2017.11.26.21.48.28
2011_09_26_drive_0095_sync_0197_c414w125h.png,2,2017.10.09.22.53.58
2011_09_26_drive_0095_sync_0197_c414w125h.png,3,2017.10.28.09.39.35
2011_09_30_drive_0027_sync_0689_c409w123h.png,0,2017.10.23.20.00.44
2011_09_26_drive_0014_sync_0023_c414w125h.png,2,2017.10.23.19.55.58
2011_09_26_drive_0091_sync_0227_c414w125h.png,-1,2017.10.23.19.56.44
2011_09_26_drive_0101_sync_0729_c414w125h.png,0,2017.10.28.09.40.52
2011_09_26_drive_0060_sync_0016_c414w125h.png,3,2017.10.09.22.54.34
2011_09_26_drive_0060_sync_0016_c414w125h.png,3,2017.10.23.19.49.11
2011_09_26_drive_0101_sync_0218_c414w125h.png,0,2017.11.26.21.47.45
2011_09_26_drive_0014_sync_0022_c414w125h.png,0,2017.11.26.21.46.09
2011_09_30_drive_0020_sync_0328_c409w123h.png,2,2017.10.28.09.42.09
2011_10_03_drive_0042_sync_0794_c414w125h.png,0,2017.11.26.21.44.04
2011_09_26_drive_0091_sync_0235_c414w125h.png,-1,2017.11.26.21.48.33
2011_09_26_drive_0104_sync﻿_0199_c414w125h.png,-1,2017.10.09.22.48.32
2011_09_26_drive_0029_sync_0426_c414w125h.png,0,2017.11.26.21.47.55
2011_09_26_drive_0027_sync_0097_c414w125h.png,0,2017.10.04.22.58.00
2011_09_26_drive_0059_sync_0270_c414w125h.png,1,2017.10.23.19.48.45
2011_10_03_drive_0042_sync_0535_c414w125h.png,1,2017.10.09.22.54.01
2011_09_26_drive_0009_sync_0196_c414w125h.png,-1,2017.11.26.21.47.44
2011_09_26_drive_0002_sync_0048_c414w125h.png,3,2017.10.23.19.47.45
2011_09_26_drive_0060_sync_0043_c414w125h.png,3,2017.10.09.22.51.31
2011_09_30_drive_0027_sync_0625_c409w123h.png,-1,2017.10.09.22.54.36
2011_09_26_drive_0106_sync﻿_0136_c414w125h.png,2,2017.10.23.19.55.19
2011_09_26_drive_0032_sync_0376_c414w125h.png,0,2017.10.23.20.00.12
2011_09_26_drive_0011_sync_0117_c414w125h.png,0,2017.11.10.16.19.17
2011_09_26_drive_0057_sync_0098_c414w125h.png,-1,2017.11.26.21.46.27
2011_09_26_drive_0051_sync_0151_c414w125h.png,2,2017.11.26.21.43.53
2011_09_26_drive_0001_sync_0101_c414w125h.png,1,2017.10.23.19.56.10
2011_09_26_drive_0095_sync_0072_c414w125h.png,2,2017.11.26.21.45.41
2011_09_26_drive_0059_sync_0067_c414w125h.png,1,2017.10.04.22.58.10
2011_09_26_drive_0101_sync_0846_c414w125h.png,1,2017.11.10.16.16.44
2011_09_26_drive_0032_sync_0312_c414w125h.png,1,2017.10.28.09.39.27
2011_09_26_drive_exmp_sync_0128_c414w125h.png,1,2017.11.10.16.16.56
2011_09_30_drive_0020_sync_0056_c409w123h.png,2,2017.11.26.21.45.24
2011_09_26_drive_0104_sync﻿_0230_c414w125h.png,2,2017.10.09.22.54.31
2011_09_30_drive_0027_sync_0380_c409w123h.png,1,2017.11.26.21.41.55
2011_09_26_drive_0026_sync_0081_c413w124h.png,1,2017.10.23.19.58.48
2011_09_26_drive_0071_sync_0076_c413w124h.png,2,2017.11.10.16.17.49
2011_09_26_drive_0029_sync_0278_c414w125h.png,0,2017.11.26.21.42.55
2011_09_26_drive_0104_sync﻿_0266_c414w125h.png,1,2017.10.09.22.50.53
2011_09_30_drive_0020_sync_0202_c409w123h.png,2,2017.10.28.09.42.28
2011_09_26_drive_0101_sync_0484_c414w125h.png,2,2017.11.10.16.17.55
2011_09_26_drive_0001_sync_0002_c414w125h.png,0,2017.11.26.21.43.19
2011_09_26_drive_0106_sync﻿_0087_c414w125h.png,0,2017.10.09.22.51.25
2011_09_26_drive_0084_sync_0066_c414w125h.png,0,2017.11.10.16.18.22
2011_09_30_drive_0027_sync_0448_c409w123h.png,3,2017.10.09.22.47.00
2011_09_26_drive_0106_sync﻿_0029_c414w125h.png,2,2017.10.23.19.47.52
2011_09_26_drive_0101_sync_0331_c414w125h.png,0,2017.11.26.21.47.38
2011_09_26_drive_0051_sync_0286_c414w125h.png,1,2017.10.09.22.51.39
2011_09_26_drive_0032_sync_0375_c414w125h.png,1,2017.11.10.16.25.07
2011_09_26_drive_0036_sync_0098_c414w125h.png,3,2017.10.28.09.41.28
2011_10_03_drive_0042_sync_1146_c414w125h.png,1,2017.10.28.09.39.44
2011_09_26_drive_0018_sync_0176_c414w125h.png,3,2017.11.26.21.47.10
2011_09_26_drive_0035_sync_0007_c414w125h.png,1,2017.11.26.21.45.19
2011_09_26_drive_0026_sync_0005_c413w124h.png,1,2017.11.26.21.47.03
2011_09_26_drive_0046_sync_0074_c414w125h.png,2,2017.10.09.22.51.01
2011_09_26_drive_0039_sync_0071_c414w125h.png,3,2017.10.04.12.30.49
2011_09_30_drive_0027_sync_0476_c409w123h.png,2,2017.11.10.16.24.08
2011_09_26_drive_0057_sync_0071_c414w125h.png,2,2017.11.10.16.25.59
2011_10_03_drive_0042_sync_0138_c414w125h.png,0,2017.11.26.21.45.44
2011_09_26_drive_0101_sync_0412_c414w125h.png,0,2017.10.04.12.30.30
2011_09_26_drive_0101_sync_0412_c414w125h.png,1,2017.10.09.22.54.16
2011_09_30_drive_0034_sync_0300_c409w123h.png,-1,2017.10.09.22.50.40
2011_09_26_drive_0106_sync﻿_0003_c414w125h.png,1,2017.11.26.21.48.39
2011_09_26_drive_0009_sync_0064_c414w125h.png,0,2017.10.23.19.55.32
2011_09_26_drive_0032_sync_0057_c414w125h.png,2,2017.11.10.16.25.38
2011_09_30_drive_0027_sync_0829_c409w123h.png,0,2017.11.26.21.44.06
2011_09_26_drive_0011_sync_0173_c414w125h.png,1,2017.11.10.16.21.46
2011_09_26_drive_0095_sync_0198_c414w125h.png,3,2017.10.23.19.55.36
2011_09_26_drive_0059_sync_0190_c414w125h.png,0,2017.10.28.09.39.07
2011_09_26_drive_0059_sync_0086_c414w125h.png,0,2017.10.09.22.51.06
2011_09_26_drive_0029_sync_0224_c414w125h.png,0,2017.11.10.16.18.48
2011_09_26_drive_0018_sync_0051_c414w125h.png,3,2017.10.23.19.58.50
2011_10_03_drive_0042_sync_0216_c414w125h.png,1,2017.11.10.16.20.11
2011_09_26_drive_0101_sync_0565_c414w125h.png,2,2017.10.09.22.52.30
2011_09_26_drive_0020_sync_0056_c414w125h.png,1,2017.11.26.21.42.57
2011_09_26_drive_0101_sync_0456_c414w125h.png,0,2017.10.09.22.50.57
2011_09_26_drive_0056_sync_0283_c414w125h.png,3,2017.10.23.19.56.50
2011_09_26_drive_0104_sync﻿_0046_c414w125h.png,3,2017.10.23.19.54.51
2011_09_26_drive_0011_sync_0011_c414w125h.png,3,2017.10.28.09.43.30
2011_09_26_drive_0056_sync_0256_c414w125h.png,2,2017.10.09.22.52.40
2011_09_26_drive_0001_sync_0032_c414w125h.png,0,2017.11.26.21.43.31
2011_09_26_drive_0057_sync_0332_c414w125h.png,0,2017.11.26.21.44.56
2011_09_26_drive_0035_sync_0062_c414w125h.png,1,2017.11.26.21.43.37
2011_09_26_drive_0101_sync_0388_c414w125h.png,1,2017.11.26.21.48.51
2011_09_26_drive_0104_sync﻿_0071_c414w125h.png,2,2017.10.04.12.33.19
2011_09_30_drive_0027_sync_0103_c409w123h.png,1,2017.11.26.21.47.28
2011_09_26_drive_0032_sync_0290_c414w125h.png,0,2017.11.26.21.49.00
2011_09_26_drive_0091_sync_0312_c414w125h.png,-1,2017.10.28.09.39.12
2011_09_30_drive_0027_sync_0663_c409w123h.png,0,2017.10.04.12.30.23
2011_09_26_drive_0013_sync_0131_c414w125h.png,-1,2017.10.28.09.41.41
2011_09_26_drive_0011_sync_0094_c414w125h.png,0,2017.11.26.21.45.15
2011_09_26_drive_0056_sync_0285_c414w125h.png,3,2017.11.10.16.18.16
2011_09_26_drive_0056_sync_0285_c414w125h.png,2,2017.11.10.16.20.52
2011_09_30_drive_0027_sync_0432_c409w123h.png,0,2017.10.09.22.52.05
2011_09_26_drive_0101_sync_0864_c414w125h.png,1,2017.10.23.20.00.47
2011_10_03_drive_0042_sync_0271_c414w125h.png,0,2017.11.26.21.42.02
2011_09_26_drive_0056_sync_0149_c414w125h.png,3,2017.10.23.19.55.01
2011_09_26_drive_0059_sync_0234_c414w125h.png,0,2017.10.23.19.56.42
2011_09_30_drive_0027_sync_0228_c409w123h.png,2,2017.10.04.12.33.55
2011_09_30_drive_0027_sync_0228_c409w123h.png,2,2017.10.09.22.47.56
2011_09_26_drive_exmp_sync_0102_c414w125h.png,1,2017.10.09.22.51.55
2011_09_26_drive_exmp_sync_0102_c414w125h.png,3,2017.10.23.19.46.48
2011_09_26_drive_exmp_sync_0102_c414w125h.png,1,2017.10.23.19.55.29
2011_09_26_drive_0057_sync_0113_c414w125h.png,3,2017.10.23.19.45.38
2011_09_30_drive_0027_sync_0062_c409w123h.png,0,2017.10.23.19.59.22
2011_09_26_drive_0029_sync_0269_c414w125h.png,0,2017.10.28.09.42.55
2011_09_30_drive_0027_sync_0622_c409w123h.png,-1,2017.11.26.21.45.14
2011_09_26_drive_0051_sync_0160_c414w125h.png,1,2017.10.23.19.47.11
2011_09_26_drive_0005_sync_0069_c414w125h.png,3,2017.11.10.16.17.00
2011_09_26_drive_0018_sync_0131_c414w125h.png,3,2017.10.23.19.48.41
2011_09_30_drive_0027_sync_1004_c409w123h.png,-1,2017.11.10.16.21.28
2011_10_03_drive_0047_sync_0272_c414w125h.png,1,2017.10.23.19.58.35
2011_09_26_drive_0032_sync_0262_c414w125h.png,2,2017.10.09.22.52.45
2011_10_03_drive_0042_sync_0519_c414w125h.png,0,2017.11.26.21.43.23
2011_09_26_drive_0064_sync_0009_c414w125h.png,3,2017.11.10.16.17.22
2011_09_26_drive_0084_sync_0269_c414w125h.png,2,2017.11.26.21.47.57
2011_09_30_drive_0020_sync_0461_c409w123h.png,0,2017.11.26.21.42.20
2011_09_26_drive_0059_sync_0192_c414w125h.png,0,2017.10.23.19.46.39
2011_09_26_drive_0059_sync_0192_c414w125h.png,0,2017.10.23.19.58.05
2011_09_30_drive_0020_sync_0270_c409w123h.png,2,2017.11.26.21.48.17
2011_09_26_drive_0095_sync_0267_c414w125h.png,2,2017.10.28.09.42.01
2011_09_30_drive_0034_sync_0203_c409w123h.png,-1,2017.10.28.09.40.11
2011_09_30_drive_0034_sync_0203_c409w123h.png,-1,2017.11.26.21.44.29
2011_10_03_drive_0042_sync_0313_c414w125h.png,0,2017.11.10.16.24.47
2011_09_26_drive_0018_sync_0090_c414w125h.png,3,2017.10.09.22.47.12
2011_09_26_drive_exmp_sync_0130_c414w125h.png,0,2017.10.28.09.44.00
2011_10_03_drive_0047_sync_0697_c414w125h.png,3,2017.10.23.19.46.01
2011_09_30_drive_0027_sync_0827_c409w123h.png,3,2017.11.10.16.21.59
2011_10_03_drive_0047_sync_0013_c414w125h.png,0,2017.10.09.22.54.27
2011_10_03_drive_0047_sync_0137_c414w125h.png,0,2017.11.26.21.47.54
2011_09_26_drive_0095_sync_0046_c414w125h.png,3,2017.11.10.16.26.21
2011_09_26_drive_0060_sync_0055_c414w125h.png,1,2017.11.26.21.44.33
2011_09_30_drive_0027_sync_0073_c409w123h.png,1,2017.10.23.19.58.07
2011_09_26_drive_0011_sync_0137_c414w125h.png,0,2017.10.23.19.47.21
2011_09_26_drive_0104_sync﻿_0209_c414w125h.png,1,2017.11.26.21.43.39
2011_09_26_drive_0056_sync_0291_c414w125h.png,3,2017.10.28.09.39.31
2011_09_26_drive_0101_sync_0372_c414w125h.png,0,2017.11.26.21.45.20
2011_09_30_drive_0020_sync_0432_c409w123h.png,2,2017.11.26.21.44.00
2011_09_26_drive_0036_sync_0112_c414w125h.png,2,2017.11.10.16.18.54
2011_09_26_drive_0014_sync_0020_c414w125h.png,0,2017.11.26.21.42.50
2011_10_03_drive_0047_sync_0109_c414w125h.png,0,2017.11.26.21.45.11
2011_09_26_drive_0106_sync﻿_0148_c414w125h.png,1,2017.10.28.09.41.17
2011_09_30_drive_0020_sync_0317_c409w123h.png,2,2017.10.23.19.46.50
2011_09_30_drive_0079_sync_0093_c414w125h.png,-1,2017.10.04.12.30.50
2011_09_30_drive_0027_sync_0705_c409w123h.png,0,2017.10.28.09.43.08
2011_09_30_drive_0027_sync_0705_c409w123h.png,0,2017.11.26.21.46.21
2011_09_26_drive_0059_sync_0147_c414w125h.png,0,2017.11.26.21.44.27
2011_09_26_drive_0011_sync_0183_c414w125h.png,0,2017.11.26.21.44.57
2011_09_26_drive_0029_sync_0396_c414w125h.png,1,2017.10.23.19.56.16
2011_09_26_drive_0011_sync_0054_c414w125h.png,0,2017.11.26.21.46.12
2011_10_03_drive_0042_sync_0668_c414w125h.png,0,2017.11.26.21.44.20
2011_09_26_drive_0106_sync﻿_0212_c414w125h.png,3,2017.10.28.09.39.53
2011_09_26_drive_0017_sync_0029_c414w125h.png,3,2017.11.26.21.42.12
2011_09_26_drive_0101_sync_0206_c414w125h.png,1,2017.10.28.09.38.56
2011_09_26_drive_0101_sync_0206_c414w125h.png,1,2017.11.26.21.48.59
2011_09_26_drive_0057_sync_0091_c414w125h.png,-1,2017.11.26.21.46.13
2011_09_26_drive_0096_sync_0200_c414w125h.png,1,2017.10.04.12.33.50
2011_09_26_drive_0051_sync_0038_c414w125h.png,1,2017.11.26.21.44.14
2011_09_26_drive_0096_sync_0150_c414w125h.png,3,2017.10.04.12.32.23
2011_09_26_drive_0009_sync_0309_c414w125h.png,2,2017.10.09.22.52.34
2011_09_26_drive_0104_sync﻿_0102_c414w125h.png,2,2017.10.23.19.48.28
2011_09_26_drive_0104_sync﻿_0102_c414w125h.png,0,2017.11.26.21.42.46
2011_09_26_drive_0104_sync﻿_0102_c414w125h.png,0,2017.11.26.21.43.13
2011_09_26_drive_0101_sync_0063_c414w125h.png,3,2017.10.09.22.50.14
2011_09_26_drive_0051_sync_0037_c414w125h.png,2,2017.10.28.09.40.06
2011_09_26_drive_0009_sync_0111_c414w125h.png,0,2017.11.10.16.25.55
2011_09_26_drive_0032_sync_0327_c414w125h.png,0,2017.10.23.19.58.31
2011_09_30_drive_0027_sync_0844_c409w123h.png,3,2017.10.09.22.53.23
2011_09_26_drive_0091_sync_0206_c414w125h.png,-1,2017.11.26.21.45.45
2011_10_03_drive_0047_sync_0325_c414w125h.png,0,2017.11.26.21.48.30
2011_09_26_drive_0036_sync_0186_c414w125h.png,2,2017.10.23.19.57.09
2011_09_26_drive_0026_sync_0128_c413w124h.png,2,2017.10.09.22.49.21
2011_09_26_drive_0101_sync_0736_c414w125h.png,1,2017.10.23.19.57.38
2011_09_26_drive_0101_sync_0205_c414w125h.png,1,2017.11.26.21.45.48
2011_09_30_drive_0033_sync_0017_c409w123h.png,0,2017.11.10.16.17.17
2011_09_30_drive_0079_sync_0083_c414w125h.png,-1,2017.10.23.19.45.40
2011_09_26_drive_0032_sync_0047_c414w125h.png,3,2017.10.23.19.48.09
2011_09_26_drive_0101_sync_0423_c414w125h.png,0,2017.11.26.21.43.41
2011_10_03_drive_0042_sync_1128_c414w125h.png,0,2017.10.09.22.46.57
2011_09_26_drive_0106_sync﻿_0005_c414w125h.png,2,2017.11.10.16.21.34
2011_09_30_drive_0020_sync_0082_c409w123h.png,1,2017.10.09.22.49.33
2011_09_30_drive_0020_sync_0151_c409w123h.png,0,2017.10.23.19.45.58
2011_10_03_drive_0042_sync_0534_c414w125h.png,1,2017.10.28.09.42.05
2011_09_26_drive_0057_sync_0247_c414w125h.png,2,2017.10.23.19.48.59
2011_09_26_drive_exmp_sync_0113_c414w125h.png,2,2017.11.10.16.20.46
2011_09_30_drive_0020_sync_0062_c409w123h.png,0,2017.11.26.21.44.48
2011_09_30_drive_0027_sync_1041_c409w123h.png,3,2017.11.26.21.47.15
2011_10_03_drive_0042_sync_0986_c414w125h.png,0,2017.11.10.16.26.11
2011_09_26_drive_0051_sync_0057_c414w125h.png,1,2017.11.26.21.47.21
2011_09_26_drive_0106_sync﻿_0190_c414w125h.png,2,2017.10.23.19.55.51
2011_09_26_drive_0018_sync_0202_c414w125h.png,3,2017.10.04.12.32.25
2011_09_26_drive_0106_sync﻿_0157_c414w125h.png,2,2017.10.23.19.54.38
2011_09_26_drive_0036_sync_0118_c414w125h.png,2,2017.10.23.19.55.43
2011_09_26_drive_0036_sync_0057_c414w125h.png,3,2017.11.10.16.17.03
2011_09_26_drive_0101_sync_0606_c414w125h.png,2,2017.10.09.22.50.02
2011_10_03_drive_0047_sync_0712_c414w125h.png,1,2017.10.28.09.43.46
2011_09_26_drive_0056_sync_0099_c414w125h.png,3,2017.11.26.21.44.34
2011_09_26_drive_0093_sync_0239_c414w125h.png,-1,2017.10.09.22.52.01
2011_09_26_drive_0091_sync_0058_c414w125h.png,-1,2017.10.23.19.46.41
2011_10_03_drive_0042_sync_0132_c414w125h.png,1,2017.11.10.16.18.43
2011_10_03_drive_0042_sync_0432_c414w125h.png,1,2017.10.23.19.57.02
2011_09_26_drive_0056_sync_0227_c414w125h.png,3,2017.10.09.22.51.14
2011_09_26_drive_0056_sync_0227_c414w125h.png,3,2017.10.09.22.53.30
2011_09_26_drive_0059_sync_0285_c414w125h.png,1,2017.11.10.16.18.01
2011_09_30_drive_0020_sync_0295_c409w123h.png,2,2017.10.04.12.33.39
2011_09_30_drive_0020_sync_0295_c409w123h.png,1,2017.10.09.22.52.48
2011_09_30_drive_0020_sync_0295_c409w123h.png,0,2017.11.26.21.46.06
2011_09_26_drive_0056_sync_0237_c414w125h.png,3,2017.11.26.21.48.40
2011_09_30_drive_0020_sync_0076_c409w123h.png,0,2017.10.09.22.54.44
2011_10_03_drive_0047_sync_0400_c414w125h.png,1,2017.10.23.19.48.37
2011_09_26_drive_0029_sync_0406_c414w125h.png,0,2017.11.26.21.46.33
2011_09_26_drive_0029_sync_0406_c414w125h.png,0,2017.11.26.21.48.02
2011_10_03_drive_0042_sync_0754_c414w125h.png,0,2017.10.04.12.32.27
2011_09_26_drive_0091_sync_0253_c414w125h.png,-1,2017.10.28.09.39.18
2011_09_30_drive_0020_sync_0154_c409w123h.png,1,2017.10.04.22.57.49
2011_10_03_drive_0047_sync_0789_c414w125h.png,2,2017.10.23.19.46.36
2011_09_26_drive_0056_sync_0073_c414w125h.png,2,2017.11.10.16.26.35
2011_09_26_drive_0032_sync_0177_c414w125h.png,1,2017.10.23.19.47.29
2011_09_26_drive_0011_sync_0170_c414w125h.png,0,2017.10.09.22.53.42
2011_09_30_drive_0027_sync_0616_c409w123h.png,1,2017.11.26.21.46.54
2011_09_26_drive_0051_sync_0265_c414w125h.png,0,2017.10.28.09.41.14
2011_09_26_drive_0057_sync_0320_c414w125h.png,2,2017.11.10.16.17.43
2011_09_26_drive_0101_sync_0133_c414w125h.png,3,2017.10.09.22.54.11
2011_10_03_drive_0042_sync_0918_c414w125h.png,0,2017.11.10.16.18.51
2011_09_30_drive_0034_sync_0252_c409w123h.png,-1,2017.10.28.09.39.49
2011_09_30_drive_0027_sync_0247_c409w123h.png,-1,2017.10.09.22.49.27
2011_09_30_drive_0027_sync_0247_c409w123h.png,3,2017.11.26.21.47.29
2011_09_26_drive_0013_sync_0072_c414w125h.png,2,2017.10.09.22.54.25
2011_09_26_drive_0013_sync_0072_c414w125h.png,3,2017.10.28.09.40.17
2011_09_26_drive_0027_sync_0112_c414w125h.png,2,2017.10.23.19.57.55
2011_09_26_drive_0101_sync_0295_c414w125h.png,0,2017.10.28.09.43.59
2011_09_30_drive_0020_sync_0293_c409w123h.png,1,2017.10.04.22.58.02
2011_09_30_drive_0020_sync_0142_c409w123h.png,1,2017.11.26.21.44.59
2011_09_26_drive_0104_sync﻿_0025_c414w125h.png,1,2017.10.23.19.57.15
2011_09_26_drive_0104_sync﻿_0025_c414w125h.png,3,2017.11.26.21.48.53
2011_09_26_drive_0084_sync_0163_c414w125h.png,-1,2017.11.26.21.44.31
2011_09_26_drive_0011_sync_0048_c414w125h.png,0,2017.11.26.21.45.09
2011_09_26_drive_0101_sync_0735_c414w125h.png,1,2017.10.23.19.54.47
2011_09_26_drive_0051_sync_0334_c414w125h.png,2,2017.11.26.21.48.22
2011_09_26_drive_0093_sync_0233_c414w125h.png,1,2017.11.26.21.42.40
2011_09_26_drive_0101_sync_0445_c414w125h.png,1,2017.10.23.19.56.29
2011_09_26_drive_0101_sync_0445_c414w125h.png,0,2017.11.26.21.48.04
2011_09_26_drive_0101_sync_0749_c414w125h.png,0,2017.10.28.09.42.33
2011_10_03_drive_0047_sync_0403_c414w125h.png,1,2017.11.10.16.17.08
2011_09_26_drive_0027_sync_0124_c414w125h.png,1,2017.10.23.19.55.13
2011_09_26_drive_0027_sync_0124_c414w125h.png,1,2017.11.10.16.17.28
2011_09_26_drive_0009_sync_0135_c414w125h.png,-1,2017.11.10.16.19.14
2011_09_26_drive_0027_sync_0057_c414w125h.png,2,2017.10.09.22.48.10
2011_09_26_drive_0027_sync_0057_c414w125h.png,1,2017.10.23.19.46.23
2011_09_26_drive_0051_sync_0100_c414w125h.png,3,2017.10.23.19.56.26
2011_09_30_drive_0034_sync_0171_c409w123h.png,-1,2017.10.28.09.41.55
2011_09_30_drive_0034_sync_0171_c409w123h.png,-1,2017.11.26.21.45.56
2011_09_26_drive_0014_sync_0036_c414w125h.png,0,2017.10.09.22.48.20
2011_09_26_drive_0018_sync_0111_c414w125h.png,3,2017.11.10.16.17.33
2011_09_30_drive_0079_sync_0013_c414w125h.png,-1,2017.10.09.22.51.08
2011_09_30_drive_0027_sync_0764_c409w123h.png,1,2017.10.09.22.50.09
2011_09_30_drive_0027_sync_0764_c409w123h.png,2,2017.10.09.22.50.28
2011_09_26_drive_0101_sync_0881_c414w125h.png,0,2017.10.09.22.53.20
2011_09_26_drive_0001_sync_0026_c414w125h.png,0,2017.11.10.16.21.40
2011_09_26_drive_0084_sync_0301_c414w125h.png,1,2017.11.26.21.43.15
2011_10_03_drive_0042_sync_0839_c414w125h.png,1,2017.10.23.19.48.15
2011_09_26_drive_0093_sync_0236_c414w125h.png,-1,2017.10.23.19.48.31
2011_09_26_drive_0005_sync_0049_c414w125h.png,1,2017.11.10.16.21.20
2011_09_26_drive_0032_sync_0240_c414w125h.png,1,2017.10.23.19.47.37
2011_09_30_drive_0027_sync_0466_c409w123h.png,-1,2017.10.23.19.48.01
2011_09_26_drive_0059_sync_0362_c414w125h.png,3,2017.10.09.22.53.50
2011_09_26_drive_0002_sync_0045_c414w125h.png,1,2017.10.23.20.00.35
2011_09_26_drive_0084_sync_0232_c414w125h.png,-1,2017.11.26.21.46.38
2011_09_30_drive_0027_sync_0371_c409w123h.png,1,2017.11.26.21.45.43
2011_09_30_drive_0027_sync_0985_c409w123h.png,-1,2017.11.10.16.20.15
2011_09_26_drive_0001_sync_0107_c414w125h.png,2,2017.11.10.16.24.41
2011_09_30_drive_0034_sync_0198_c409w123h.png,2,2017.10.04.12.30.40
2011_10_03_drive_0042_sync_0062_c414w125h.png,1,2017.10.23.19.54.58
2011_10_03_drive_0042_sync_0362_c414w125h.png,1,2017.10.23.19.48.19
2011_09_26_drive_0101_sync_0731_c414w125h.png,0,2017.11.26.21.44.26
2011_09_30_drive_0034_sync_0185_c409w123h.png,-1,2017.10.23.19.49.12
2011_09_26_drive_0093_sync_0072_c414w125h.png,-1,2017.10.23.19.46.25
2011_09_26_drive_0101_sync_0131_c414w125h.png,3,2017.11.10.16.26.24
2011_09_26_drive_0101_sync_0131_c414w125h.png,3,2017.11.26.21.48.23
2011_09_26_drive_0029_sync_0150_c414w125h.png,2,2017.10.23.19.56.36
2011_09_26_drive_0091_sync_0198_c414w125h.png,-1,2017.10.09.22.48.38
2011_10_03_drive_0042_sync_0142_c414w125h.png,0,2017.11.26.21.44.36
2011_09_30_drive_0034_sync_0251_c409w123h.png,-1,2017.10.28.09.39.14
2011_09_26_drive_0096_sync_0157_c414w125h.png,-1,2017.11.26.21.47.53
2011_09_26_drive_0001_sync_0024_c414w125h.png,0,2017.10.23.19.56.56
2011_09_26_drive_0048_sync_0022_c414w125h.png,-1,2017.10.28.09.40.37
2011_09_30_drive_0020_sync_0373_c409w123h.png,1,2017.10.09.22.49.57
2011_09_30_drive_0020_sync_0373_c409w123h.png,1,2017.10.09.22.54.22
2011_09_26_drive_0101_sync_0066_c414w125h.png,3,2017.11.26.21.48.34
2011_09_26_drive_0059_sync_0296_c414w125h.png,1,2017.10.23.19.59.32
2011_09_30_drive_0027_sync_0699_c409w123h.png,0,2017.11.10.16.18.39
2011_09_26_drive_0056_sync_0292_c414w125h.png,3,2017.10.23.19.48.24
2011_09_30_drive_0027_sync_0999_c409w123h.png,-1,2017.11.26.21.46.46
2011_09_26_drive_0032_sync_0092_c414w125h.png,1,2017.10.04.12.33.28
2011_09_26_drive_0060_sync_0048_c414w125h.png,2,2017.10.09.22.46.44
2011_09_26_drive_0101_sync_0050_c414w125h.png,3,2017.10.28.09.40.13
2011_09_26_drive_0101_sync_0214_c414w125h.png,1,2017.11.26.21.44.41
2011_09_26_drive_0057_sync_0175_c414w125h.png,-1,2017.11.26.21.44.47
2011_10_03_drive_0047_sync_0252_c414w125h.png,1,2017.10.04.12.33.36
